cnom,cbin,ccon,xcon,ucon2,ucon1,ycon
1,0,2.8278449,18.348883,95.507957,54.232769,27.507254
1,1,3.2316682,20.64625,94.571976,55.21685,22.142391
1,0,3.3834651,16.90205,82.271111,66.791527,21.210438
1,0,2.9822502,18.880419,83.512314,62.465637,22.725773
1,0,4.3173094,21.818899,83.794113,78.288017,26.993198
1,0,2.6707115,14.289902,86.72242,61.226868,27.336582
1,1,3.9936118,15.480977,64.841156,77.035957,23.269953
1,0,3.8782411,19.113943,72.3508,73.145187,23.77297
2,0,3.5662501,19.571419,70.843536,77.668671,22.896996
1,1,3.654922,18.252953,85.178123,67.921463,21.592113
1,1,3.6632922,22.608959,88.609329,72.643036,21.032324
1,1,3.9333353,21.251595,78.568901,68.491829,18.61978
0,0,3.4015856,23.748562,86.02562,72.485985,21.579342
1,1,3.0735734,19.500767,74.845612,50.620266,22.493149
1,1,3.4298151,20.392988,81.369858,70.329643,22.855858
1,1,3.3030989,19.971359,94.697037,80.160164,30.087727
1,0,3.0960844,19.169872,96.681664,62.518555,30.890985
1,0,2.7908332,13.399636,84.666855,67.242996,23.267509
1,0,4.3550291,20.557531,75.587669,79.557076,12.942205
2,1,3.1355777,15.400805,79.190735,76.201057,23.055304
1,1,3.2414644,19.764975,81.349144,76.336754,27.434546
0,1,3.2449543,18.122103,89.284409,73.573692,31.969894
1,0,3.229105,22.742777,84.241753,69.442734,34.01226
1,0,3.0832326,19.532726,91.955009,83.173592,33.915405
2,0,2.9982934,16.821133,89.780487,60.667622,25.009682
1,1,3.1915312,18.720615,79.264977,66.476967,17.623129
0,0,2.3661439,17.964918,63.678017,51.444431,18.935083
0,1,2.4327588,16.492834,79.415421,79.849907,32.825378
2,0,3.8694975,21.135578,86.445801,71.981308,24.926662
1,1,3.222178,18.12471,82.094109,59.126457,24.594967
1,0,4.1691184,16.693922,77.654297,74.540253,20.021803
1,0,3.7590909,23.108294,96.773537,69.277428,14.83567
1,1,3.1228278,16.44696,76.151375,78.410797,18.201052
1,1,3.9125082,17.100021,76.907387,74.715347,15.294702
1,1,2.4930577,12.662004,60.989033,48.673458,18.550291
1,0,3.5006924,15.205048,63.530029,71.343918,19.869144
0,0,2.5782647,18.180094,100.76005,61.294147,28.277391
0,1,2.1096182,19.271124,91.363609,61.053284,17.53121
1,0,2.6865315,16.112848,98.304764,51.191452,23.722912
1,0,4.0081882,15.379291,73.481613,78.852142,37.322819
1,1,3.6117213,18.937357,81.077065,66.204063,24.344131
1,1,3.5335011,21.778093,85.706413,81.443611,21.974262
1,1,4.3612614,23.806641,84.077866,69.822197,25.158825
1,1,2.9111917,15.454778,86.040604,61.427757,19.002779
1,1,3.6369085,21.863792,74.784195,82.105003,18.275406
1,1,2.3071568,15.230448,77.587044,64.566978,20.607317
1,1,3.9169917,25.378996,88.206039,73.355576,27.394878
1,0,3.0411887,19.616592,98.933716,61.731037,19.379393
1,1,3.3558574,18.08005,86.260315,68.529213,22.618982
2,1,2.7628853,18.362076,70.729279,71.230034,25.272392
1,0,4.4767985,21.111013,100.9771,72.827583,26.943962
1,0,2.9914362,19.074072,59.938683,47.960175,17.725229
0,0,2.9548826,19.646688,85.611855,67.993797,30.360357
1,0,2.8035793,16.512049,85.230217,57.502705,24.51284
1,0,3.0987372,20.130281,68.165176,83.083549,25.224466
1,0,3.4420321,19.272303,95.805618,69.957077,24.577761
2,1,3.6194408,18.410402,84.212303,76.397667,23.793304
1,1,3.3016927,19.060076,100.79064,55.999893,18.055111
1,0,3.3380234,20.284304,90.154785,58.884819,23.283005
1,1,3.2935863,20.107828,97.438904,57.844101,26.433727
1,1,4.0957847,20.768246,91.070236,60.876873,18.901924
1,0,3.4357142,16.522532,58.227303,54.135826,19.738968
1,1,3.6566072,21.116022,83.332268,75.335701,20.063923
1,1,2.8675709,17.865122,90.528954,85.894417,29.65176
1,0,3.7597787,19.75906,86.534309,75.283669,26.151472
1,0,3.0617418,15.761501,72.52906,81.367477,27.740814
1,1,2.9225855,18.957108,79.918068,83.246628,21.962254
1,1,3.6402345,20.472939,86.676323,76.023201,23.755505
1,0,4.1855054,21.145988,69.922455,66.190552,13.223263
1,0,3.5195224,20.954578,89.604416,75.40049,26.379065
1,0,3.160753,19.026865,102.42439,75.256279,21.11982
1,0,3.7779598,20.309078,98.053741,66.338196,27.353706
1,1,3.3960371,20.142679,74.529991,77.115997,22.596563
1,0,3.6226673,19.652393,89.382309,68.95845,21.08786
1,1,3.3964546,16.691031,61.639854,70.318932,25.06053
0,1,2.5601556,18.885973,94.207047,67.345657,18.926516
1,0,3.4768426,20.461452,103.97983,65.268471,22.258888
1,1,3.7619257,16.249207,81.518097,65.712624,18.935341
1,1,3.5711157,17.04418,78.725716,78.415321,16.445984
1,1,3.0712659,17.032022,82.831024,73.616325,23.051844
1,0,3.4563322,19.328236,91.399391,73.154655,25.739212
1,1,3.6762533,17.803501,87.755486,60.411938,24.641006
0,0,2.066112,15.067982,73.030579,60.960194,24.520803
1,1,3.6440089,19.921461,86.190536,81.148438,30.57012
0,0,2.3113389,13.736546,78.324051,67.440346,23.268145
2,0,3.091454,18.749775,89.843857,67.940346,19.088705
2,0,2.9853673,18.171175,76.594292,94.130714,22.252636
1,1,3.5708652,14.91744,67.990273,56.051643,10.397672
2,0,4.6862259,20.58304,82.60997,74.036163,26.048931
1,0,3.4240973,20.161005,100.28407,64.481163,22.733404
1,1,3.2684588,21.248791,90.642738,61.687878,23.561937
1,0,3.4483345,18.778221,87.531868,59.636398,24.481071
1,0,2.979955,20.887241,79.761528,75.638466,28.631079
1,1,3.6021972,18.748411,88.468346,54.913918,28.532406
1,0,4.6268535,21.466604,104.25887,86.814629,25.781851
1,0,3.7223797,17.828487,97.64212,57.820892,28.259808
1,1,3.324235,21.412508,78.686615,75.159645,23.155222
1,1,3.3355243,20.944107,83.942406,56.502113,21.000521
1,1,3.3604641,24.244263,72.788315,94.535614,20.616619
2,1,3.3581011,16.784838,81.496559,63.239433,16.259562
1,1,3.2983425,19.301832,80.192574,50.36507,18.406742
1,0,3.5401847,20.973577,72.572853,55.279819,15.307506
1,0,3.6390114,17.341326,80.299179,67.748711,23.327084
1,1,3.3398917,18.50423,84.107674,81.188148,25.930399
1,0,3.6294911,20.929708,97.597145,68.38588,21.977341
1,0,3.9048474,19.393314,64.893227,61.679596,27.006216
1,0,3.0160041,20.318277,83.972694,66.641998,22.963829
1,0,2.3091292,18.674274,84.014961,60.503754,24.25598
1,0,3.7257352,15.82421,76.874413,66.360504,21.325708
1,1,3.0829847,17.983389,91.860519,53.736935,23.455099
1,1,3.9168384,19.006157,85.433777,68.244881,23.003849
1,1,3.7694349,18.190786,81.825668,74.7547,22.663477
1,0,2.9256907,16.905703,70.437248,65.842651,17.983339
1,0,3.3422821,19.179693,91.983932,84.003868,28.022552
1,1,3.3512208,19.615271,88.812881,82.819199,30.383379
2,0,2.6580465,16.968737,83.853271,75.231834,22.061844
1,1,3.2209203,16.879313,75.72477,70.798965,22.726322
1,0,4.1787853,21.179863,78.907303,65.016731,20.248243
1,0,4.443326,15.354286,69.482674,78.295868,22.819279
1,0,2.837925,17.405155,94.476982,67.676987,26.252676
2,0,2.9358842,18.378996,109.50469,72.542038,22.955223
0,1,2.6216941,17.306509,78.509811,73.22065,27.095177
1,1,4.2721119,20.599829,87.803383,62.412746,26.733683
1,0,3.4850452,19.277971,71.607597,63.67178,26.912449
1,1,3.6517305,20.309122,87.223358,81.4216,24.889055
1,0,3.7994297,20.11059,85.893501,43.665081,15.490552
1,0,3.3294401,19.565571,91.47113,48.937035,21.234894
1,0,3.6844659,16.559944,84.447235,60.876076,26.59016
1,1,2.5193944,15.820858,75.76123,64.452263,19.048109
1,1,3.138418,21.114201,105.8727,47.381321,28.66988
1,1,4.2023335,18.771893,103.42673,68.994331,20.854353
1,1,3.3095386,18.776039,80.202003,68.149185,21.566441
0,1,2.3284464,19.778442,87.664703,62.536312,25.857517
1,0,3.6012056,19.96142,69.398277,66.97541,19.768564
1,1,3.6439302,19.026421,83.278465,60.649555,12.562279
2,0,3.3252153,20.456667,81.501732,88.478676,28.248655
1,0,4.3866224,22.466347,93.304962,81.792038,14.309087
1,1,3.8298042,21.27216,75.082001,67.217758,23.597763
2,0,3.4268856,15.278205,82.320602,74.971184,30.920698
1,1,2.8663318,18.48752,93.608101,61.359867,23.680235
1,1,2.9075334,21.22995,81.015892,80.857346,13.828835
1,1,3.0509086,16.692865,92.511177,74.529243,24.82719
1,0,4.2403603,18.140926,70.228119,64.157188,18.929792
0,1,2.2620358,18.598299,62.56274,54.963139,17.916075
1,1,3.5976801,18.209475,101.23506,76.84639,28.052778
1,1,4.175096,19.499327,65.289734,92.383919,23.185295
1,1,3.343662,18.444809,82.706642,58.394039,15.445651
1,0,4.8374743,22.380116,101.99265,64.870697,16.436953
2,0,4.1352077,20.96954,74.418137,81.338905,24.367489
1,0,3.3911943,19.427399,86.633118,80.559074,29.283855
1,0,3.3587394,16.991146,69.097473,62.904152,28.886818
0,1,2.5100954,19.162771,73.382584,54.290848,21.892052
1,1,3.0641124,18.562353,61.653698,68.284172,28.512568
1,0,4.0267515,21.849934,102.31351,70.850578,16.624319
1,1,3.0787127,22.536613,81.591759,74.305,29.393951
1,0,3.8272493,22.688639,85.671532,56.306393,15.702173
1,0,2.8731086,18.549778,77.882874,78.301361,28.01045
2,1,3.9823716,20.856939,68.828453,85.564682,24.698153
1,1,3.7444041,18.556932,90.647079,76.731987,23.212608
1,1,3.4401207,14.570609,101.8606,60.054588,25.033535
2,0,3.901145,16.826612,77.752304,61.236908,22.004307
1,1,3.4047101,17.08511,79.929054,63.436134,21.875507
1,1,3.6376669,15.537929,83.168968,48.956303,23.367092
2,1,3.1613138,18.082474,89.679375,84.585136,24.52088
2,0,3.9821117,19.284981,89.895866,77.909851,23.436661
1,1,3.7896631,21.633194,77.769661,72.235764,26.622381
1,1,2.5202334,16.247169,83.045609,49.843788,19.689251
1,1,3.9397171,23.546034,101.91534,80.878212,24.73138
1,1,3.2789133,16.4266,84.58857,67.917686,20.98638
1,1,4.009984,22.503931,99.522163,69.685799,21.482399
1,0,3.5843079,22.352711,76.729546,63.658195,20.170233
1,1,3.0086882,17.518763,78.609802,69.543991,19.252613
1,1,3.1996751,17.197229,84.383957,82.797272,23.991066
0,1,2.7425804,18.146828,89.175217,61.368164,24.455372
1,1,3.029485,18.381069,75.929466,61.228558,16.987913
1,0,2.4441102,14.246599,67.540344,74.167351,24.312082
2,0,3.3700778,20.132145,77.292267,71.432716,24.099911
1,0,3.1376331,18.499744,89.041565,59.591152,20.039398
2,0,3.2289593,17.652748,92.262573,55.265774,28.024141
1,1,3.3420854,18.184919,80.286171,57.56572,15.399388
1,0,3.4891996,19.95648,65.25222,66.386429,22.270586
1,0,3.4327326,20.554548,93.550957,65.716072,19.223219
1,0,3.6511385,18.453615,77.843361,72.879013,12.724814
1,1,3.7018559,21.074114,88.560593,76.342407,30.086632
1,0,3.1888051,15.854455,78.456535,69.189255,27.961824
1,0,3.0744858,18.140278,78.65004,56.554119,22.631729
1,0,3.3702011,15.531648,77.3489,66.769035,19.417929
1,1,3.8659685,20.299438,93.758141,67.397163,19.196957
1,1,3.0888426,24.230066,94.867783,62.742474,29.160898
1,1,3.2186329,17.953661,80.110695,73.494804,21.038336
1,0,3.2144499,20.934458,106.55567,75.174103,31.923899
1,1,3.010294,16.456549,82.883583,75.60437,25.576336
1,0,3.2497559,19.981936,95.91906,85.912254,24.157221
0,1,2.1585691,19.798975,70.673515,60.182827,21.883501
1,0,3.5620902,16.609451,91.053581,66.853386,19.953043
1,0,4.0027714,24.750185,83.842911,73.03743,20.582092
1,1,4.2200699,19.836008,78.260193,81.649467,14.858915
1,1,3.5924923,24.125525,85.143677,68.431519,21.569698
2,1,2.8057418,20.116203,71.441582,59.795059,21.073679
1,0,3.4425046,15.755285,81.878273,79.391006,25.67771
1,0,3.5693705,17.699203,58.380211,62.194965,24.474131
1,1,2.8831255,19.090845,80.720222,51.510914,20.215483
1,0,3.3634424,18.118155,64.685425,59.596951,27.031569
1,0,3.8585773,15.588889,73.812119,57.63102,16.028551
1,0,3.6570504,18.289396,98.992439,79.763603,24.265339
1,1,3.6006522,22.357363,76.301247,92.132401,28.967649
0,0,2.5572734,16.964022,88.363533,67.289604,23.625399
1,0,2.7764187,17.727337,96.178513,56.175686,17.889599
1,0,3.470005,19.008139,76.543922,77.045013,21.875458
2,0,3.7980042,19.699299,81.257729,80.078201,27.863461
2,0,3.9083636,13.820395,78.220284,63.227295,21.107773
1,1,3.6081729,20.819218,91.046669,81.653557,25.302475
1,0,3.0147848,17.68519,92.640129,75.22628,17.254572
1,0,3.7367816,19.190224,60.445313,68.891937,24.72053
1,1,2.9783874,22.000309,77.837029,76.348419,23.708364
2,0,3.5250738,21.800999,95.495049,77.480484,24.636671
1,0,2.7426493,16.922194,78.379898,59.993752,16.382353
1,1,3.6760716,17.434473,72.795631,64.845436,20.369274
2,1,4.3101768,18.272978,93.362274,51.503036,16.807615
1,1,3.29705,18.199808,82.788284,58.728107,21.550264
1,0,4.5922761,22.587458,102.06335,77.9245,22.084047
1,0,2.9247038,17.696787,75.934402,55.149616,21.98267
2,0,4.2261143,17.372402,84.650589,68.608917,21.494116
1,1,3.206913,16.790079,82.801666,61.197086,15.133893
1,0,4.309895,19.048834,78.051819,57.023178,22.956072
1,0,3.4788682,16.904985,79.011902,55.490116,23.654922
1,1,2.9681218,18.687963,83.595299,65.038177,21.665329
1,1,3.5552847,20.17864,86.119156,81.180809,25.768538
1,0,3.7356548,20.55328,95.754883,53.941734,19.886066
0,1,3.3227053,19.385021,65.727493,90.426575,21.529932
1,0,4.0852265,17.032867,88.014847,77.718628,30.667583
1,0,3.6237884,22.233898,89.888054,73.338409,22.053923
1,0,4.0902381,21.107824,90.290848,56.379765,23.419731
1,0,4.4898238,20.417362,89.511673,69.408203,17.171419
1,1,3.3550184,15.823855,75.314537,55.407894,15.221071
2,1,3.437108,16.288223,74.85656,65.937943,19.555866
2,1,3.2812006,19.730124,83.262169,68.246407,21.472727
0,1,2.4284761,20.337809,86.980278,65.61161,24.737869
1,0,3.3401797,16.969889,96.771797,66.464531,24.534193
1,0,3.696924,23.368517,94.716141,71.499451,26.735064
2,1,4.4888806,22.368824,94.175865,85.802399,32.226475
1,0,3.9681962,22.433861,90.517975,86.318726,27.143644
1,1,2.9374251,17.338779,77.820992,69.653641,21.5355
0,1,2.149519,22.960754,94.448318,77.554085,27.212292
1,1,3.5199428,21.47945,96.729172,60.228046,27.563856
2,0,3.0653765,16.071293,59.916431,49.128845,25.27631
2,0,3.3108957,21.285957,108.89978,69.791779,24.7551
1,0,4.2404981,22.405094,97.762779,60.527046,18.807531
0,0,2.8737209,21.82526,74.634781,62.784206,24.575089
1,0,2.907367,18.077635,66.967499,67.143112,17.548107
1,0,3.1000514,18.88588,73.476433,63.538933,24.378693
1,1,3.5568078,21.077213,90.935799,80.099167,24.109312
1,0,4.1956124,17.796246,95.344231,65.869766,17.233112
1,0,3.699517,21.528938,92.476608,71.400551,22.953098
0,1,2.3759367,15.331622,81.98761,51.601177,15.257603
1,0,3.8850729,18.319561,93.511612,78.099449,25.259617
1,1,3.2080657,18.648376,72.66214,76.644196,28.408651
1,1,3.7373939,21.196472,81.954849,62.787323,22.325172
1,1,3.7788298,21.219145,99.057083,73.38958,24.397903
1,0,3.4698055,21.718153,90.279007,65.572952,23.451633
1,1,3.4336421,19.627831,87.273865,78.502396,27.185297
0,1,3.4177852,18.501974,99.903778,70.246445,20.243563
1,1,3.8690965,17.701729,65.615929,55.712505,14.282699
1,0,4.0930347,21.385752,81.829597,83.317139,21.93741
1,0,3.6938055,18.78758,74.094719,67.755013,28.034386
1,0,3.1936083,18.957319,78.895416,54.69268,9.7798386
2,1,3.5384502,17.951633,89.035217,72.605301,15.786859
2,1,3.5079472,17.521692,80.085983,68.423691,28.413698
1,0,3.1389132,14.189589,80.252052,52.784508,13.574078
0,0,3.1887903,16.630144,79.535461,77.351318,15.703214
0,0,4.2441707,20.729521,93.204079,73.961029,25.280073
0,0,3.0043645,19.221951,72.099434,70.86908,21.149187
1,1,2.9980052,19.07485,78.931625,60.48793,27.501837
1,1,3.0911074,18.894585,74.408058,49.650948,26.581095
1,1,3.5946481,18.343626,71.516243,59.057083,18.715067
2,0,4.1893916,20.195887,94.480156,86.496086,19.799059
1,0,4.0902162,19.527443,99.962074,70.947708,23.426504
1,0,4.0253887,17.413769,63.617447,66.830154,24.326633
1,1,3.712065,20.296476,95.263107,75.948158,23.806665
2,0,2.8899913,19.653051,88.014923,68.34623,23.839165
1,1,2.8871694,17.412437,95.060677,68.403328,22.571096
1,0,3.3223281,20.372801,74.621841,62.88015,17.68751
1,1,2.9573467,20.209009,77.43586,68.452271,19.508818
0,1,3.2037497,20.682398,88.088287,65.983948,22.602409
1,1,3.9576559,20.851719,69.88485,69.457146,15.608425
0,1,2.9026694,18.151646,71.16153,87.191109,21.688843
1,1,2.9893727,18.192831,78.558456,66.170486,22.330452
0,1,3.3824933,22.445234,98.651398,67.711189,24.433214
1,1,3.7271528,18.190149,77.569992,62.050861,23.456299
1,0,2.855854,21.497799,94.817894,57.11129,17.143921
1,1,3.2440057,19.215546,88.441483,78.644058,26.298969
1,0,3.0977056,20.235584,91.486076,79.559471,28.903276
1,0,3.6552098,18.160252,86.417778,75.139275,22.46862
1,1,2.4584885,16.504704,74.322647,73.313148,22.775425
1,0,3.6557717,15.861017,95.101364,55.262016,17.591679
1,0,3.332319,18.070145,81.011238,72.36747,16.383224
1,0,4.5420299,19.820288,82.7528,77.894592,18.060301
1,1,3.0781844,19.913368,104.92748,62.850006,11.928273
1,1,2.8396051,15.391584,79.087753,55.926167,33.455132
1,1,3.713192,17.168703,74.734848,74.897278,26.777248
1,0,4.0990295,20.03438,78.135506,64.652336,21.315165
1,1,3.6434374,20.803719,74.111343,80.314293,27.864788
1,0,3.5851259,21.961081,93.196091,57.356216,21.605774
1,0,4.0367818,19.484556,72.952667,77.519043,31.502047
1,0,3.4536746,13.137556,75.043411,69.826675,20.225758
1,1,3.3236041,18.105398,89.90168,65.071053,30.254313
1,1,3.0180604,20.573647,86.291145,65.977173,15.496567
1,1,3.0307829,19.813536,88.02372,78.881104,29.142963
1,0,3.5548868,18.421148,78.203667,77.58989,24.469976
1,0,3.592767,15.622067,65.156204,66.270027,23.081989
0,0,3.041019,19.868216,93.862793,65.42897,22.894028
1,1,4.2105675,15.749283,68.991508,62.834232,23.287693
2,1,3.7367198,19.195356,74.868599,77.007515,29.16625
1,1,2.3601367,13.782976,70.834412,82.805099,26.219444
1,1,3.367816,20.874266,88.207489,65.054893,31.758976
1,0,4.2948737,23.123055,88.765129,64.989571,18.879547
1,1,2.1045051,15.149552,91.825615,61.832699,24.623352
1,0,3.832638,18.70849,76.318481,67.741646,18.447186
1,1,2.5173004,18.82497,76.575089,78.238739,19.944973
1,0,3.1199439,20.117189,85.190796,81.089218,26.509638
1,1,2.7690365,21.934698,82.049019,64.85183,21.936775
1,1,2.4988508,13.780511,63.133801,66.508064,22.294008
1,0,4.0571556,21.791637,77.560951,67.921181,27.776516
1,0,3.1694942,21.568378,75.949966,74.215546,23.55459
1,1,3.7801292,19.415491,63.717518,70.705315,18.376913
1,0,3.5726936,21.653507,96.108208,66.697594,22.90027
1,0,3.0476742,17.320179,103.10158,64.851097,26.967859
1,1,3.3415649,17.67016,93.396149,53.847382,22.146275
1,1,3.5136256,18.823261,84.256996,57.50396,19.451817
2,0,3.7025008,19.500093,92.879089,65.793968,24.804146
0,1,3.1396182,16.028671,79.203018,64.159019,24.172821
1,0,3.1808352,15.644385,74.618721,69.308571,23.180527
1,0,3.7195971,21.309071,86.874199,84.263489,20.961182
1,1,2.5642586,17.743208,92.96743,70.45401,16.973513
0,1,2.899334,18.458052,83.809799,62.812477,23.952053
2,1,3.1039619,13.469001,76.227158,51.904232,18.992086
2,0,4.3233519,21.873774,89.205734,68.390785,28.579973
1,0,3.5923638,18.683676,83.471596,72.256393,30.666954
1,0,3.4591908,19.514381,68.310852,70.217903,20.069994
1,1,3.137867,19.761795,95.631584,69.62735,27.992559
0,0,3.0639887,19.528469,102.73216,71.505859,26.857048
1,0,3.9183967,18.640903,82.033386,73.009048,25.180218
1,0,3.4450605,19.142124,77.092476,55.736027,30.69525
1,0,2.2102938,17.022455,105.55228,79.781242,21.111063
0,0,2.7458372,16.289316,94.810493,64.32914,21.312609
2,0,3.3030896,20.757957,95.547974,79.861229,27.227604
2,1,3.3315942,20.525894,92.102524,72.373047,25.456099
1,1,3.5826602,16.636902,60.136368,66.019234,15.789498
1,1,2.7224767,14.733148,82.084236,64.563057,23.471249
1,1,3.1329756,18.925034,87.014565,67.089462,29.113789
1,0,3.0053833,21.199963,87.314156,74.16481,22.885651
1,1,2.9153118,22.355194,106.28402,77.947571,30.814264
1,1,2.7919145,17.329252,83.83979,72.728859,20.895676
1,1,3.2457354,18.481886,96.242134,74.815125,20.646381
1,1,3.9112725,22.109383,82.782761,70.111061,28.415609
0,1,2.8712287,17.300888,53.951469,65.405312,11.606622
1,1,2.8592534,20.434372,62.342503,59.248055,24.382689
2,1,3.3597007,17.614742,77.971008,66.619331,21.822502
1,1,3.395092,17.386431,82.917297,63.270988,21.801065
1,1,2.6383417,18.754768,81.477684,80.525909,18.200899
1,0,3.0156705,22.999037,81.560425,88.614929,24.38269
1,0,3.2507567,22.83283,89.401581,75.909409,21.237537
1,1,2.4984467,18.696981,73.014038,58.101318,20.588478
1,1,3.4104552,15.12237,74.558792,51.259853,24.720797
1,0,2.7973108,19.551743,79.959167,78.478653,30.605024
0,1,2.8390744,20.714035,86.776855,71.429489,20.151726
1,0,3.9258235,21.799641,81.873505,73.367691,15.193679
0,1,2.7213979,16.876108,57.009789,61.430008,26.301111
1,1,3.009551,18.992662,79.327805,73.225906,21.439573
1,0,3.5470734,20.171156,64.045685,83.601479,17.566771
1,1,3.4595494,21.814598,65.372375,52.248802,13.880979
2,0,3.5068548,17.721327,63.091892,57.24844,26.188206
0,0,3.8184392,19.460125,74.50016,80.477913,19.475449
1,0,4.013998,23.548616,91.224045,69.167816,25.812412
1,1,3.3221929,19.557993,79.404739,63.180248,26.230988
1,0,3.2073302,20.656796,88.766594,52.508812,21.632898
1,1,3.8726566,22.101469,90.928497,76.428833,28.025166
0,1,2.371747,16.793972,71.245827,72.535072,22.404524
1,0,3.7136502,22.67565,83.461617,66.103279,28.041998
1,0,3.7984114,18.63739,85.835304,59.641418,15.263875
1,0,2.8146944,21.473577,105.9588,46.561069,21.044163
1,1,3.3230045,17.168898,67.404861,63.272984,29.096689
1,1,3.1841228,19.917276,74.440651,90.741951,21.574644
1,0,3.9083049,21.244465,87.673058,53.806465,22.984304
1,0,3.6488683,16.78697,84.038582,64.658524,27.131306
1,1,3.1938419,13.230573,58.966537,54.591938,7.5991688
2,1,3.7547612,20.623678,96.739006,65.812668,23.036753
1,0,4.0024071,21.943592,78.05587,91.1064,27.760664
0,1,3.1830413,16.499268,83.927429,76.476288,19.446476
1,0,3.8577373,19.075474,90.548584,69.550377,25.392275
1,1,2.6113942,14.760727,67.708984,52.02668,15.472895
1,1,2.9344873,16.04525,67.052925,53.676811,14.601694
1,1,2.8112586,18.778555,71.548912,62.336983,23.663084
1,0,3.9068151,23.877855,92.711052,80.81517,30.546194
2,1,3.5532339,16.418774,80.71946,68.59996,20.824886
1,0,4.1909065,20.703648,84.624733,80.957314,21.781609
1,0,3.7908196,16.855213,86.909645,64.90905,24.330244
1,0,3.1337645,18.544918,98.049675,60.27142,12.833956
0,0,3.3874779,20.836634,69.216576,77.701118,21.089165
1,1,3.2458067,18.845327,83.774956,57.355747,21.441313
1,1,3.4270699,18.594383,79.399086,58.949162,24.319332
1,0,4.0412784,19.125809,94.196915,48.059528,20.248892
1,1,3.8453295,20.415953,93.985939,73.266525,22.95195
1,1,3.0970895,21.603903,64.647499,63.976074,21.514135
1,1,3.0553424,17.426113,91.028419,54.149376,18.645178
1,0,3.0793042,18.485455,65.266174,66.431137,23.267513
0,1,3.5045991,23.268227,99.121147,79.969864,21.467163
2,1,2.4466746,18.150005,97.142738,73.885361,19.989159
1,0,3.7814116,20.029739,68.416336,70.959328,22.434179
1,1,3.2016127,19.142818,64.088585,69.252464,24.254816
1,1,2.7342784,17.695181,68.369858,54.503792,22.045635
0,1,3.3505042,21.250935,74.683311,73.990547,21.852102
0,1,3.2063775,17.941999,80.484779,64.60807,13.505674
1,1,2.760967,19.596008,92.316879,76.380074,23.676861
0,1,3.222698,22.43041,81.383232,64.930855,17.955069
1,0,3.7970693,22.042915,89.767601,75.698532,22.924215
2,0,3.5217588,18.335094,85.708557,74.205444,14.641314
2,0,3.7669115,16.827734,75.359489,67.666794,19.329668
0,0,3.2371745,25.656336,102.20401,94.693771,29.435402
1,0,4.0011911,21.291191,86.506912,70.019241,24.625731
1,0,3.2566521,17.075651,74.867538,65.027779,19.789549
1,1,2.9217076,21.099445,76.829353,69.639221,19.771389
1,0,3.2400286,20.804062,96.538887,85.251549,27.142794
1,0,3.8205326,20.179703,86.264,77.67482,15.418638
0,1,3.5000987,16.96221,70.607574,74.702721,19.350672
2,0,3.8288491,17.249758,78.93354,66.939552,18.412384
1,0,3.344471,19.469233,75.991783,71.392876,18.696257
2,0,3.5562794,17.905697,92.898224,73.414246,22.221186
1,1,3.6944654,19.160631,78.34124,68.5728,25.633768
1,1,3.6938484,21.163242,71.532211,68.200073,20.120588
1,0,4.2208004,19.850172,100.09585,67.642517,20.881403
1,0,3.6176639,17.950691,71.391121,67.836792,21.679771
2,0,3.5515027,17.694822,72.145836,55.055054,16.215298
1,0,3.3494055,15.857883,67.539909,53.024563,26.492228
1,1,4.6882052,23.636818,91.531311,82.277863,21.807787
2,1,3.8363132,20.868578,108.15346,63.465302,20.013496
2,0,3.8796601,19.694475,76.455627,58.231308,16.709486
1,1,3.8942771,19.805412,79.649994,64.76712,26.200233
1,1,3.1661081,21.1355,90.252808,86.816254,20.439146
1,0,4.0164862,19.278784,93.943184,78.810341,25.532328
1,1,2.6531317,21.295128,94.961029,67.498894,26.275543
2,0,3.6139474,16.577034,80.031731,48.438221,22.938925
1,0,3.0824282,18.369993,75.929634,74.519844,20.376688
1,0,3.6654124,21.069164,78.249542,61.298988,15.983809
1,0,4.084456,21.348888,77.497284,62.859432,24.862871
2,0,3.8010368,20.228205,77.982506,59.092041,13.132796
0,1,1.8633076,12.961395,56.027084,54.270645,16.400936
1,0,2.6995916,15.699351,96.462952,77.310738,26.171453
0,1,1.5929838,14.378892,79.072342,50.998909,16.984056
1,1,3.5551507,17.293495,86.764603,71.647675,33.225079
1,0,3.0596941,16.36492,90.298859,58.946846,24.007881
0,1,2.9816165,19.46759,67.023453,68.259674,17.171591
2,0,3.7674065,18.553164,77.44191,75.752853,22.499945
1,1,2.8849061,20.00873,72.63105,64.586128,22.904953
1,0,3.2335837,17.818752,109.06071,69.65062,25.819632
0,0,3.0873318,19.510733,93.026756,84.551575,18.779987
0,0,2.642849,18.758099,88.082077,69.049965,18.955824
1,0,3.6879365,20.601233,93.793991,61.540245,16.602234
0,0,3.2384412,25.169056,100.66644,71.866394,25.43416
1,0,3.765991,18.035479,78.275085,68.939163,30.130507
1,1,3.3618603,18.468458,95.452599,76.44088,21.186827
1,1,3.8204591,21.058062,97.111603,72.855827,21.520746
2,0,3.1955459,22.649458,89.965836,88.732529,23.029684
1,0,3.2581847,14.641995,70.640747,61.610268,25.055752
1,0,3.4400878,21.509686,90.974312,62.303326,18.833677
1,1,2.9042792,17.939224,68.845909,48.067844,15.890171
1,1,3.0268304,15.809084,88.655952,76.227737,26.022432
2,0,3.4068255,18.985613,78.116074,66.447525,28.567362
1,1,3.6523407,22.255068,101.77271,72.097595,29.680565
0,0,2.0345609,15.638494,78.43222,71.569656,15.59732
2,0,3.5061448,22.525402,82.476967,76.743874,19.838831
1,1,3.4744105,20.176672,82.344078,83.765831,20.561657
1,1,3.3565056,20.4354,88.790642,67.619263,28.948849
0,1,2.0894845,18.034595,88.796059,70.737297,14.769208
1,1,2.9438472,17.579353,61.55772,58.429329,21.843285
1,1,4.2323918,23.692068,93.31337,82.395844,26.92536
2,1,3.8073678,21.005854,88.69165,81.964569,25.957224
1,1,3.7600138,17.085632,101.45325,63.042828,18.727142
1,0,2.6028123,17.367355,91.87397,61.60125,18.355442
1,0,3.4623535,17.502045,76.346657,62.86898,24.369232
1,0,3.3679757,18.299007,75.202019,77.53643,21.215294
1,1,3.7032437,23.551083,82.781219,70.717873,29.267035
1,0,3.8460896,18.269329,75.439964,53.078693,17.931013
1,0,3.5535309,19.429092,70.818718,75.662491,20.672401
2,0,3.5654106,24.749784,98.798927,75.096741,29.478144
1,0,3.1823974,21.823709,87.585625,48.692402,10.001936
1,1,3.2041655,24.940809,87.021118,75.773293,25.524466
1,0,3.7724915,18.713293,89.1875,69.933083,25.465193
1,0,3.7282343,13.796699,88.261589,55.933212,10.65264
1,1,3.7565286,19.245529,84.625626,62.762817,23.864752
1,0,3.9693978,23.440079,85.801811,68.691559,27.054634
1,0,3.3107488,16.833929,97.525452,67.919739,16.887775
1,0,3.8343801,18.21389,95.589165,69.027573,28.351162
1,1,3.3972111,20.495771,109.23088,81.529419,22.62718
1,1,2.8792813,21.244415,81.528488,59.820374,24.000401
1,1,3.3261421,19.362133,80.871704,65.833664,13.527009
2,1,4.082798,15.934935,81.924469,68.362083,17.332195
1,1,3.1314414,21.118608,102.38634,59.082333,12.56227
1,0,3.5312831,16.239788,79.123146,72.190468,19.763691
1,0,2.9886401,22.25861,84.139931,78.385414,20.44352
1,1,3.6200967,18.66519,80.747742,74.206261,27.217686
1,1,3.3682525,19.307388,78.954544,60.437962,21.658949
1,0,3.4813168,23.520227,88.749886,84.977348,35.539433
1,1,3.0440211,19.06155,89.998833,72.52861,25.751987
1,0,3.6691642,18.384481,74.795181,80.615013,26.020514
1,1,3.157717,21.556528,91.391747,66.375122,22.899054
1,1,3.3051302,17.515938,74.132187,75.331886,23.934639
2,1,2.9828515,17.224573,69.818771,61.330643,15.401749
0,0,3.3447194,16.261005,72.758461,61.549232,19.349848
2,0,4.589386,21.439926,100.15853,75.166222,20.482254
1,1,3.8140342,18.162432,86.414001,74.635193,29.650082
0,0,2.7196648,19.592892,84.776237,79.713486,18.935963
1,0,3.6113029,24.192554,72.370499,71.805817,20.813709
1,0,2.6871874,10.889088,74.72937,37.115349,28.459322
1,0,3.6053329,19.280388,65.479355,56.38496,27.925568
1,1,2.7888815,19.353794,69.097916,63.859249,19.329559
1,1,3.6634147,20.075657,65.692863,85.909271,32.998043
1,0,3.845885,18.018877,96.431076,69.770187,20.799667
2,1,3.8906324,18.002144,84.292984,82.536972,20.716618
1,0,3.2095075,20.946369,93.646606,70.027779,19.494129
1,0,4.515933,20.025034,96.288399,61.758324,23.665857
1,1,2.9495237,20.332287,88.185204,63.436905,14.2
1,1,3.7839372,17.966511,81.036072,79.56353,24.374424
1,1,3.6017952,19.239952,87.054375,72.556046,26.871004
1,1,3.6048954,22.125576,76.658409,84.141525,18.52865
1,1,2.8606658,15.555557,88.966164,68.588486,19.192163
1,1,3.0867879,19.436956,74.025772,71.81134,28.128384
0,0,2.6575894,19.762112,68.533905,75.901047,16.221741
2,1,3.158263,21.600273,86.861641,80.093796,27.889584
0,0,2.517401,16.32198,82.415657,63.816032,23.3986
1,0,3.4830019,24.380644,91.953888,71.245758,18.090321
2,0,3.4819808,20.74465,96.947258,64.599335,22.168835
0,0,3.2982807,16.195452,72.35778,74.152985,18.358238
1,0,3.5332923,18.326815,74.99234,62.834805,23.99053
1,0,3.3067734,20.054169,97.747017,70.748497,21.386393
2,0,2.679791,14.412956,63.134159,64.572823,11.785096
1,0,3.5207124,20.170631,88.484924,60.080929,24.137901
0,1,2.1895852,16.420511,68.515396,57.12339,17.340454
2,0,3.1881766,17.383615,71.545357,72.993546,19.453199
1,0,3.8438902,20.233234,108.13245,80.797867,14.466499
1,0,3.8236847,20.113743,76.830215,71.070168,27.967802
1,1,4.4598274,23.051569,94.804245,74.577599,31.040321
1,0,3.0351641,20.037991,94.132301,61.150928,27.473856
0,1,3.1651394,22.058802,86.147125,67.672722,31.873039
0,0,1.8899614,14.864208,84.544113,67.10276,20.417549
1,0,3.4880555,21.930952,84.347267,77.902237,23.42304
0,1,2.9179716,15.978045,91.257339,59.59383,22.907455
1,1,3.1668975,18.975636,79.88269,40.213406,16.926682
1,1,3.3015771,20.295727,82.812675,73.812744,21.937912
1,0,3.323225,18.159115,84.178879,73.013573,28.357838
2,0,3.0063748,18.313591,70.185463,70.3274,18.128311
2,1,2.9059491,19.321709,91.985435,84.54866,17.980206
1,0,4.1239552,23.186939,87.613564,83.038521,30.526619
1,1,3.4696207,20.191816,89.527122,71.51313,22.188433
1,0,4.0333667,22.764917,94.148628,100.17318,26.40729
1,0,3.3841209,19.282711,89.303871,70.532555,30.75824
0,0,3.1685801,18.461063,94.67289,71.400459,27.139734
1,1,3.8446264,19.379026,79.717606,65.296997,22.059505
1,0,3.9506626,19.570208,91.372833,86.545929,23.322195
0,1,2.6358428,19.153955,81.347549,66.01313,22.049858
1,1,3.7773755,16.585447,94.818115,62.283237,18.915138
1,0,3.9649227,21.050575,86.715858,87.528679,26.328255
1,1,3.5827641,17.711397,93.58741,67.909088,26.586128
1,1,2.6573954,15.575966,74.36924,68.534149,12.930295
1,1,3.0959334,19.463654,78.163788,63.80941,15.893704
1,0,3.8413138,23.332169,88.332634,72.698227,24.059662
1,0,3.0518947,19.195517,90.614052,71.405022,24.080309
1,0,3.2902486,19.674414,92.356392,73.708015,23.222719
1,0,3.1009033,21.878319,107.90714,63.464504,22.134193
1,0,3.5594418,19.467876,76.940422,59.942314,24.621773
1,0,2.9776518,18.292044,88.761162,64.509834,27.929766
2,0,3.0865428,15.190772,85.999519,58.95018,23.321217
2,1,3.2092035,17.369146,85.461525,69.555031,27.785961
1,0,4.451479,17.969797,101.29281,73.795334,17.939539
1,1,2.9212298,17.197533,87.541267,70.312492,18.817142
1,0,3.4999223,21.763527,81.253273,64.530899,26.393251
2,0,3.2009656,17.632509,94.071938,51.211441,25.325613
0,0,2.3004503,15.614023,80.2705,63.555717,18.612442
1,1,3.4811096,22.482023,81.785065,58.850624,24.438728
1,0,3.3320491,14.538083,89.761093,57.645924,21.763054
1,1,3.3212426,18.8936,85.564781,59.454029,20.23863
1,1,3.2463417,18.722733,85.37413,70.711388,21.12678
1,1,3.7367935,19.129396,73.45121,62.257538,26.826752
1,1,2.9955709,17.181313,78.444534,78.280312,22.515968
0,1,3.3592651,19.079445,88.534477,75.439201,23.827896
1,1,3.9060974,20.0382,92.932701,85.191498,16.907066
1,1,4.2073317,22.597178,95.660042,58.318825,24.173332
1,0,3.239043,14.430147,68.033501,63.912182,25.103355
1,1,2.4794488,18.104374,78.157799,70.889664,22.213812
0,0,2.9134164,18.332895,66.031555,75.822495,19.655708
1,0,3.7768133,20.38018,83.207169,74.36895,19.68557
1,0,2.742748,18.016611,62.125675,44.543804,17.919373
1,1,4.4192295,25.207401,81.894997,77.913544,26.331995
1,0,3.6558564,19.2453,95.087883,66.387016,31.048201
1,0,3.6266332,17.502253,93.087273,63.915455,20.264282
1,1,2.6995189,16.789656,81.540329,82.438568,19.318398
1,1,3.2858949,15.118151,82.338036,59.808792,25.525455
1,0,3.0519853,17.731705,89.228165,57.079227,21.546261
1,0,4.2340398,24.23844,87.449104,80.109764,21.124084
1,0,3.4663661,14.249582,104.77367,56.915272,19.991163
1,0,2.7434833,20.195232,90.580032,74.789474,26.469275
1,0,3.9506984,20.274279,69.113373,79.347122,21.022879
2,1,3.9920232,20.554935,86.876999,71.780701,17.111954
2,0,3.2951255,18.827513,79.597359,64.055283,19.194349
1,0,3.6453042,18.017141,76.804764,74.901863,22.575594
2,0,3.8392482,26.747381,89.585892,94.781845,24.742559
0,0,3.5532713,21.195704,77.043472,75.548088,29.338305
1,1,2.6131504,21.588081,98.869583,70.397552,24.365253
1,0,3.1008337,16.764723,85.345436,52.9263,14.351881
1,0,3.5372036,19.914894,92.994606,53.571461,22.839228
1,1,2.9462276,17.784401,82.558929,56.625465,20.769688
1,0,3.127929,17.181326,91.639923,67.70919,21.484842
1,1,3.1069193,17.285883,88.602188,73.570961,27.240553
1,1,3.7438192,20.845837,92.217499,76.646103,26.842331
1,1,2.6654456,20.971193,87.433304,51.486912,28.535658
1,0,3.9299271,19.540693,92.760643,74.339737,18.538651
0,0,2.2434564,16.727478,76.623718,62.251064,23.470154
1,1,3.9554288,21.088877,80.150368,67.99041,25.421436
1,0,3.3387566,19.384665,74.87027,65.221466,21.175463
1,0,3.6631942,22.67782,93.464531,63.073307,31.54175
1,1,3.3684642,20.008913,80.467903,59.887157,25.536884
1,0,3.4313915,22.699387,83.304184,70.251472,20.068058
0,0,2.4189072,17.606207,74.125496,75.536652,23.045433
1,0,3.3250461,17.376575,92.325485,54.831188,21.520763
1,1,3.2756691,15.81771,74.721191,51.419804,25.657598
1,0,3.8184354,16.860857,89.735306,48.58424,25.238028
1,1,3.5669653,20.831451,74.525681,57.417103,28.31242
2,0,3.0058472,18.124353,77.978584,71.82412,23.948673
1,1,3.9426754,24.281195,80.526764,84.593758,25.038448
1,1,3.3988383,20.556162,73.849602,74.214027,32.804844
1,1,3.1851134,18.365402,67.369781,65.320915,16.970539
1,0,4.1508732,17.69507,72.769882,63.702229,19.522137
1,1,3.1193509,14.37043,82.835724,61.28294,18.677019
0,1,3.3916874,23.757988,81.256935,80.954453,21.245077
1,0,3.9193158,20.967957,92.757057,69.263855,23.19367
1,1,3.4061861,20.816071,83.226418,70.404778,32.048267
0,1,3.2915909,16.635832,72.544739,72.83976,20.413149
1,1,3.2368391,18.392118,74.202522,67.665764,14.470957
1,1,3.1598401,18.819067,79.73555,79.14785,16.092285
1,0,3.0968881,19.973797,73.645111,66.657532,26.481001
2,0,3.1178722,17.183895,93.761955,71.016754,22.086063
2,0,4.0593429,22.260252,102.43285,87.240997,25.666527
1,1,3.0593333,20.748291,62.894337,83.615334,20.692472
1,1,2.6984916,14.38157,70.124306,51.13105,18.814754
1,0,4.3436847,23.606277,103.72684,76.327942,30.355116
1,1,2.6008003,22.376444,75.277641,85.674057,25.634081
0,1,2.5469139,18.792006,92.238441,60.802231,16.471544
1,0,3.4697282,18.862364,81.294395,74.23568,27.290754
1,1,4.0474372,14.682701,84.781586,67.646034,24.112293
1,1,2.7137129,19.732029,85.375092,81.416206,25.443102
1,0,3.8893719,17.234842,75.042244,75.157608,22.987968
1,1,3.5579958,20.13088,66.528214,79.1698,21.094147
1,0,3.0387452,17.787441,92.123695,59.607613,15.834087
1,1,3.4233866,19.132574,78.451385,72.546867,21.905901
1,1,3.0363388,21.281183,92.070969,74.168427,14.605231
1,0,2.6306436,20.383717,91.673103,86.089317,22.945099
2,0,3.3658683,16.405848,90.402748,70.606674,27.669716
1,0,3.3429272,13.831622,69.155746,56.560635,22.1294
0,0,3.2383513,20.331823,83.167252,69.436981,23.210478
1,0,4.0917416,18.263926,87.16925,70.385643,23.110828
1,0,3.4024539,16.349226,81.778908,72.745346,18.026442
1,0,4.0297685,19.142893,98.541428,78.089561,20.783596
1,0,2.7898705,17.831335,86.146416,66.917809,20.174192
1,1,3.956557,22.597021,86.685715,71.997574,21.609505
1,1,3.6374545,16.166687,75.941414,71.527435,25.644062
2,1,3.5314295,19.341507,82.393059,67.596169,19.055399
0,0,2.6280084,17.978273,64.01358,64.981438,24.504507
1,1,2.7921782,18.4013,76.45153,55.260509,25.005651
2,0,3.5431273,18.641148,91.943481,56.287472,21.445896
1,1,3.2561758,19.814157,47.92495,77.664581,16.332502
1,0,3.2398176,18.548656,81.689468,101.08153,27.069571
1,0,3.4956563,21.230953,79.240051,69.468201,26.109188
1,0,4.4239984,20.597044,69.449821,75.547081,18.38184
0,0,2.7599308,18.10601,75.4711,66.305458,22.736786
2,0,3.1176028,20.729982,84.784103,90.070038,31.887955
1,1,3.4972064,19.720432,81.893539,75.773735,20.036297
1,0,3.0892231,18.353689,80.383812,63.426163,18.721603
2,0,3.5670147,20.34063,94.264481,60.376026,23.521925
1,0,3.6413512,19.715698,99.717613,72.335007,22.707306
1,0,3.9669938,19.323038,83.189957,67.263222,27.288836
1,1,3.179461,17.473017,65.145081,53.519188,22.123503
1,1,3.866852,16.553671,55.96917,77.676453,14.908927
2,0,4.0017457,23.948608,97.996834,74.971466,30.325047
2,1,3.2855155,20.029242,78.128891,75.456055,23.638363
0,0,2.9222124,15.750342,96.801605,50.13007,19.358315
0,1,2.982759,19.264551,91.752007,53.868958,17.40448
1,1,2.823319,17.266357,82.614754,66.351273,20.436071
1,0,3.3471577,21.658184,101.91974,49.94651,20.029303
1,1,3.969316,17.078583,83.582108,56.48457,23.641001
0,0,2.3524487,17.500057,67.564865,73.334274,22.060257
1,0,3.3600905,19.947208,86.634956,57.429653,21.945087
1,1,2.8843992,19.182583,96.44976,73.232109,26.257809
2,1,3.5749123,19.652529,87.799919,59.043247,27.323048
1,0,3.1008172,17.96854,77.058701,85.265633,30.874727
1,1,3.9167404,16.359856,86.92379,54.153774,22.519289
1,1,2.5076628,17.716541,83.921959,64.072426,22.253347
1,1,3.1215153,17.678997,95.830887,65.320152,24.525616
1,0,3.2774591,18.240896,84.214638,79.002892,24.764244
1,0,3.6788723,20.307915,53.716232,59.946548,14.228132
1,0,3.3203368,18.424948,90.195465,60.680668,25.925043
1,0,3.8436778,15.488076,69.253899,69.457443,21.87731
0,0,2.9810419,17.397587,97.603821,69.440575,19.181376
1,0,2.7102025,20.69626,78.795395,69.91832,28.698603
2,0,4.0253768,17.040358,84.845024,56.329998,23.086905
2,1,3.253783,19.589445,57.6306,56.675255,15.986576
1,0,3.845964,19.535643,85.146675,64.637398,15.676763
1,0,4.59021,20.940508,114.24675,75.01342,29.332279
1,1,3.3535676,18.224709,88.970161,73.608253,20.150358
1,0,3.2446172,17.1103,73.611336,60.649014,18.628235
1,1,2.5760567,17.843204,82.710518,61.57346,19.245506
2,0,3.6689491,18.980625,63.791382,78.170151,25.730745
1,0,3.0958288,19.923962,79.530243,70.610619,20.891733
2,1,3.548614,17.918613,74.51976,62.602787,30.34547
1,1,3.7876787,15.717478,85.788528,56.490089,25.367268
1,0,3.2243264,18.130524,80.715668,76.555687,26.662926
1,0,3.0008481,15.976638,80.291649,85.894707,25.414337
1,0,3.2793541,19.54318,92.292793,79.698219,21.142912
1,1,3.5076621,20.621237,80.850571,65.659958,19.865757
1,1,4.2452149,21.977097,86.237755,82.793709,19.54719
1,0,3.5364976,22.417942,66.927246,72.473511,23.996681
1,0,3.853096,22.173452,85.765678,69.313354,18.58239
2,0,4.0896387,21.321709,97.620201,69.669548,24.476952
1,1,4.2685828,21.504494,89.848877,90.518684,23.682131
0,1,4.0223064,22.527672,105.42999,62.709911,21.671705
2,1,3.2815654,21.246014,79.40052,68.653908,28.646866
2,1,3.5535877,23.473511,87.210884,85.491524,22.405607
1,1,3.4385309,21.229233,99.029373,67.1399,26.649933
1,0,3.8330045,19.821175,67.907364,76.978516,12.089652
0,0,3.2842095,22.217413,85.537743,65.615349,9.8888807
1,0,2.4974854,13.815994,75.491058,69.277237,20.256298
1,1,3.2144759,22.794458,74.638847,73.494423,24.283682
1,0,2.6812406,20.009604,78.341377,57.030724,20.145138
1,0,2.5975442,20.370415,82.139549,69.95005,14.688839
1,1,2.8804369,17.11013,88.560837,62.723282,29.804829
2,0,4.1216092,16.869699,87.139915,70.923645,29.283737
1,1,3.2738352,18.232138,100.04117,79.905525,26.199762
1,0,3.5276377,17.890995,70.75267,74.218971,26.566868
0,1,2.6969862,22.583807,82.051895,69.88929,20.186918
0,1,2.8400815,19.778513,92.224144,65.393036,24.937708
1,0,3.7390833,19.532606,91.809776,61.599785,17.133902
1,0,3.3630867,19.970493,85.161041,78.050865,24.621248
1,1,4.3971925,19.229523,78.784569,64.936859,21.887768
0,1,2.6110084,17.046034,96.511627,55.015339,22.349161
1,0,2.8486419,17.261187,62.35141,71.534134,15.006713
1,1,3.419548,20.32386,88.956253,68.471962,28.794933
1,0,3.7299922,17.631914,94.165619,76.918274,24.670938
1,1,2.9330842,13.957737,80.426048,57.069477,17.87248
1,1,3.90183,22.202066,83.606232,78.803688,24.077444
1,0,4.2984328,20.724678,84.898239,76.730957,29.052862
1,0,3.1549981,14.608471,72.618034,64.990181,10.37701
1,0,4.0080342,19.180002,87.709938,68.360878,19.166519
2,1,2.5160561,14.518068,71.780029,46.43219,20.397341
0,1,2.3699882,15.840452,82.407898,66.126732,19.139902
1,1,3.6932702,22.009478,83.859459,71.853363,20.150497
1,0,3.7510839,20.466131,69.915184,70.113617,17.778214
1,1,3.0345979,21.933838,77.654762,71.321503,17.179037
0,0,3.0103278,23.135624,84.03167,67.705475,25.927273
1,1,3.4330087,17.166208,75.138557,76.10025,27.787642
1,1,3.5627084,21.193632,89.276535,78.271263,25.025881
1,1,3.5401912,16.936918,79.889885,79.261955,18.004131
0,1,3.1945333,17.776417,79.121872,50.637833,26.553614
1,1,3.3171999,21.70949,82.2369,79.661438,24.469309
1,1,3.7793088,19.901327,76.610481,60.432816,18.578146
1,1,3.5850916,16.60918,75.384155,73.86657,18.575026
1,0,3.5553994,20.223856,87.27002,80.523041,28.819714
2,0,3.2864161,15.035772,81.261665,48.132385,15.458217
0,1,3.2832417,20.07465,71.268204,67.851944,14.530763
1,1,2.9652188,20.167406,76.422165,65.798775,21.877449
1,0,3.7945778,20.765398,79.834763,57.363125,18.093845
0,1,3.1427705,20.591686,83.626122,79.552353,31.311319
1,0,3.9977112,23.431625,66.598129,79.352768,24.607548
1,0,3.4987218,22.372334,90.43129,79.777611,27.072842
1,1,3.3642032,21.11146,81.298882,64.039322,21.435719
1,0,3.3194718,18.080704,98.905327,72.502602,27.682852
1,0,3.7776318,24.593029,99.4673,86.461723,23.825369
1,1,3.619683,20.622898,84.197212,68.1763,20.838942
1,0,3.6421926,19.952316,97.0439,79.312393,16.10256
1,0,4.5463743,18.651051,85.042091,64.724602,20.085018
1,0,3.9695776,21.295025,75.501678,67.829674,26.704153
1,1,3.3502433,20.843395,102.11709,84.304268,22.91547
2,0,3.419472,20.016968,79.300674,81.585419,20.930943
1,0,3.5704787,20.554968,92.534393,66.32206,19.424147
0,1,2.7803941,18.493822,80.741745,77.896317,31.413889
1,0,3.2310703,15.951393,110.02764,68.117729,27.310238
2,1,2.8984671,18.568424,97.911812,78.944717,18.107306
0,1,3.3001678,18.103958,73.847198,70.232277,26.172491
1,1,4.0085478,16.191984,85.561302,76.630547,25.149784
1,0,3.1089582,22.269943,77.646301,79.208122,27.657955
1,1,3.2205191,21.469982,90.362717,73.610703,27.563271
0,0,2.2824895,17.437279,72.172516,69.387833,19.708204
2,0,3.6859787,21.430763,60.111519,68.011871,20.901434
0,0,2.7237759,17.51206,88.070946,62.070347,23.406229
1,1,3.4615037,23.545986,76.82885,74.614151,22.151829
1,1,3.1654172,20.128645,99.452156,68.372498,21.099054
2,1,3.4455819,18.101933,80.810135,82.9226,20.776793
0,1,2.3943117,21.277449,61.897533,82.399597,21.194437
1,1,3.2578852,17.917257,80.246147,63.706081,22.953392
2,1,3.1658907,17.907135,85.994171,60.244644,21.70225
2,0,3.0603306,17.222475,91.425102,72.674103,20.849155
0,0,2.6341872,18.465384,61.59166,72.325012,25.747656
1,0,3.0133548,16.564096,75.240181,67.460999,20.745626
1,0,3.6424854,20.161299,86.287689,67.667534,20.740299
1,1,3.4117191,21.01553,70.194138,78.175453,20.490763
1,1,3.2121079,23.007853,102.72933,64.211937,20.375538
1,1,3.3955548,19.781284,84.501404,63.961811,19.129793
1,1,3.921849,21.240973,81.69767,66.472237,19.183817
1,1,2.9799845,20.822744,93.519608,74.347389,26.410946
1,1,3.0603766,18.402552,95.042801,60.377796,27.064116
2,1,3.5207937,20.381693,90.161919,81.568413,27.675226
2,0,3.7910151,18.145746,88.709457,49.09222,21.506325
1,0,3.847203,21.539923,91.835144,79.848366,28.352392
1,1,2.4430089,18.638245,78.82074,76.57534,25.371847
1,0,4.3592744,20.047541,88.75885,77.840988,21.771587
1,1,3.1688542,20.042336,102.4173,82.594955,23.184824
1,1,3.9060013,20.72851,91.707352,93.649712,24.590818
1,1,3.7199183,17.161568,74.015129,66.938583,27.761488
1,0,3.7746782,20.000204,73.420235,65.073227,26.124142
2,0,4.2997956,22.011242,82.580399,73.941879,25.574007
1,0,4.1333723,16.457506,97.07518,73.364609,22.912897
1,0,3.7675858,19.302896,94.834763,76.353394,34.866447
2,0,3.4117305,21.437529,83.168648,52.731884,20.45048
1,0,3.7752833,23.311518,89.000328,80.067802,26.077187
2,1,4.0546265,21.138115,93.232613,73.776039,22.204916
1,1,2.9370449,18.113649,92.903236,78.900543,24.300751
1,0,3.4200721,18.696058,94.697968,62.200893,24.308685
1,0,3.3176999,17.171751,99.317886,85.765106,23.575033
1,0,4.0183873,21.433262,90.580315,74.161278,23.195087
1,0,4.0340352,22.015703,100.80044,92.081642,13.125687
1,1,2.9707708,16.531816,63.775497,67.865479,25.145618
1,1,2.7124782,17.927851,73.994095,69.640152,23.281712
1,0,2.9298894,21.665554,75.274231,67.244514,20.892618
0,1,3.1216712,17.286354,74.686951,67.210197,14.491963
1,1,3.7697301,16.519978,79.972588,69.168396,26.63229
0,1,1.9790772,16.716562,73.571754,61.087563,17.77664
0,1,2.5444043,20.678875,94.422661,72.015289,31.333677
1,1,3.3623652,20.87005,73.300453,57.011208,18.774086
1,0,3.4884548,21.608604,81.235527,72.731728,20.103733
1,1,3.0886285,19.738443,84.871094,55.458092,22.649012
1,1,3.4949119,19.545397,91.71199,68.673431,25.26918
0,1,2.3847749,24.362204,93.923332,58.966427,22.654512
1,0,3.6586478,20.113651,81.914238,88.804695,21.598167
2,1,3.7675385,19.449343,79.83699,77.505981,36.291256
1,0,3.6516967,18.205042,83.574448,90.83078,25.162432
2,0,3.2618759,20.435312,67.420273,73.646278,17.939104
1,0,3.3003716,16.632107,76.605896,61.340343,13.210459
1,0,3.4790766,16.91873,78.105186,73.501625,17.915138
1,1,3.752435,18.321907,80.370338,73.790977,20.356728
1,0,3.2682719,19.674286,63.091106,58.362164,23.644045
1,1,3.7226155,18.178082,102.81315,62.829216,27.739763
1,0,3.6156089,21.883179,85.217537,72.773865,32.607658
1,1,4.7044215,26.441294,99.728859,76.60321,23.16555
1,0,3.1354601,19.515364,99.545845,73.716797,24.358234
2,1,3.6103399,16.871286,71.361977,64.866409,28.437954
1,1,3.4602754,19.224106,81.221626,74.616089,12.136685
1,0,4.0853157,18.302443,86.784111,62.990345,26.932652
1,1,3.4865096,23.220661,82.75486,68.267151,26.349632
1,1,2.2890723,16.909504,75.056602,64.338257,24.23267
1,0,2.6069319,17.023178,93.082062,86.894646,24.135473
1,0,3.3279488,19.288284,82.549286,82.190201,25.334814
1,0,3.2973619,22.1544,80.81324,81.815247,25.911261
0,1,3.2796712,19.274178,78.165176,55.029175,17.712452
1,0,3.2878454,19.829062,112.65485,68.637314,27.38504
1,0,3.2935989,20.162596,67.700287,92.175156,23.559767
1,1,3.5712395,22.118504,96.435165,63.327301,30.313002
1,0,3.6691296,20.329523,96.229797,69.362518,23.513283
1,1,3.5530043,21.044399,83.230759,85.420692,24.172222
1,1,2.7823319,19.556753,100.49738,52.329903,14.719038
1,0,4.1221585,20.43676,79.910484,67.669571,24.50597
1,1,2.8222711,18.997601,84.384964,63.543633,28.006725
2,0,2.4278951,17.279381,94.978653,78.518967,25.668013
0,0,2.3014958,15.423784,93.776703,68.962807,25.510733
1,1,3.1082916,18.163494,68.331696,73.202393,27.727673
1,0,3.7304013,20.279636,86.576401,63.677425,22.613239
1,1,3.5594592,17.70018,81.440956,55.93322,22.729319
0,1,3.7286372,18.984447,92.17392,77.881203,29.303551
2,1,3.5624626,20.304068,87.036911,70.773743,25.276205
1,1,3.4607732,21.406971,89.64196,57.421459,21.681305
1,0,3.1976953,16.735397,69.714355,46.329834,25.334757
2,1,3.5719595,17.427593,86.59153,73.841881,16.869316
0,1,2.6521196,18.51227,88.501793,78.169739,18.769196
1,1,2.7137218,18.0457,96.177422,54.441811,16.408894
1,1,3.9055347,19.258654,71.377235,63.154064,19.960506
1,0,3.1539991,17.161394,82.756783,66.471169,21.981737
1,1,3.7458754,21.800848,84.314095,75.510025,18.203329
1,0,3.7720683,21.029366,80.767464,65.272255,22.413935
1,0,3.2784126,15.691845,81.483528,60.704262,19.69515
0,0,3.639226,15.842034,80.794136,57.279057,18.999975
1,0,2.649847,21.582691,94.739899,81.781029,32.546238
1,0,3.7251053,18.147774,89.57177,72.720467,24.413834
1,1,2.95049,18.374559,93.173561,67.847763,26.596863
1,1,3.3918715,19.904215,70.457108,55.437012,19.859739
1,0,3.5148213,19.040134,94.722496,68.759941,28.189684
1,1,3.2098744,18.390314,91.405457,63.770405,24.360184
1,0,3.058409,15.537581,76.895844,59.418915,26.456825
1,0,3.7006109,16.350016,96.412766,82.913376,22.168554
1,0,3.7169712,20.001333,98.685555,66.065857,25.270117
1,1,3.3166945,18.063778,67.480179,69.234756,24.149298
2,1,3.0904324,18.06003,95.161087,65.269562,24.306877
1,1,3.1895854,19.599377,91.29911,70.509705,27.094137
1,0,3.4113407,17.865919,94.20472,55.41312,20.794146
1,1,4.0314803,17.943623,75.013329,77.510094,26.44256
1,1,3.6376886,19.504387,90.948997,86.891327,26.225937
1,1,3.0692749,20.289604,96.364594,74.018761,24.837591
1,1,3.5509672,20.766384,94.471565,78.166916,24.838106
0,0,3.0787752,20.771135,83.439461,59.855774,18.868113
2,0,4.2588735,20.715889,68.409088,99.622322,28.448963
1,1,3.6670005,21.551645,88.067467,71.14415,21.333096
1,0,3.4575255,20.06225,90.901764,58.047615,17.941298
1,0,3.5083883,20.339367,82.868095,70.141869,24.944164
1,1,3.2860768,16.925791,65.019073,69.024887,25.212158
2,1,3.9527287,20.140381,96.889198,68.641563,24.421318
1,0,3.6495306,15.683086,65.844383,72.696335,27.363131
1,1,3.504051,21.694767,92.754036,88.69709,29.579708
1,0,3.1411784,16.197426,68.897919,77.113014,29.584253
1,1,2.9004538,19.923944,85.351059,65.547661,21.078184
1,1,3.8877716,21.751751,83.922012,73.180557,16.054918
1,1,4.4662733,20.741299,106.97273,85.253433,33.083668
1,0,3.8789704,21.619528,76.690437,76.963898,22.609835
1,1,3.543782,15.574558,69.835236,82.18988,25.004944
1,1,2.8415248,18.033323,76.480553,36.807758,13.154254
0,1,2.9368296,20.63508,78.389771,64.224068,16.125366
1,1,3.1731801,22.221159,86.861603,70.920448,25.857412
1,0,3.0256836,18.367584,82.944603,73.228096,25.347475
1,1,3.0006888,17.076777,85.981155,65.834572,22.725767
1,0,2.9013579,19.452211,71.054855,57.513641,12.823301
1,0,4.1196213,20.870413,79.080307,60.534081,20.796389
0,0,2.4844756,21.462837,103.77201,55.157116,12.720782
1,0,3.2117677,19.010677,75.939346,66.843994,25.520582
1,0,3.2668297,20.124264,94.857506,61.771786,27.553759
1,0,2.9611547,18.893072,82.778343,77.116455,12.904928
1,1,3.7234082,19.341686,90.762314,65.730461,17.959068
1,0,3.8892395,23.331171,80.61451,78.206848,26.273085
1,1,2.7047565,12.778563,74.508217,44.38747,13.264464
0,1,3.7513349,19.459412,78.345047,92.865692,24.151133
1,1,3.5120935,23.345772,92.158195,81.847641,21.170139
1,0,4.0340619,24.87664,103.17136,85.53157,24.418154
1,0,3.5551686,17.003155,77.910812,51.589359,18.488173
1,0,3.2861555,16.799181,70.91291,62.476257,18.036409
1,1,3.9111679,15.806696,83.975403,73.626137,16.032005
1,1,2.8514943,18.239889,65.76532,61.073544,24.121885
1,0,4.2574258,21.31913,94.257721,55.488167,25.616426
2,0,3.8159952,22.4396,95.608841,75.159042,24.995636
0,0,3.6893857,18.163437,80.780128,68.266075,16.906067
0,1,2.5151615,16.751362,72.588142,56.506054,13.570058
0,0,2.9542077,17.386385,78.433731,78.680237,20.766571
1,1,3.2769661,14.953801,78.565102,64.632225,24.619453
1,0,3.5188596,18.975267,69.227493,76.290825,20.441278
1,0,3.7023885,19.27487,65.592201,60.303097,23.899897
1,1,4.1878195,16.90815,92.313438,65.750145,18.113327
1,0,2.9920614,18.093117,82.043007,59.442535,18.957005
1,0,4.0527616,19.265528,78.396355,60.675102,18.896507
2,1,3.4686813,21.464603,98.99617,91.455032,21.405397
0,0,3.2706764,17.845144,90.052681,70.308823,24.571758
2,1,3.9048791,20.530277,95.948044,88.841484,24.174946
2,1,3.3594496,17.558945,85.493179,80.148643,18.473362
1,1,4.1278205,21.920452,91.041664,61.12294,19.920742
1,1,4.1427975,19.89493,92.967682,78.122192,18.609148
1,0,3.9330502,17.124922,94.493355,90.681618,23.724558
2,1,3.1197045,21.683123,78.472267,69.044418,23.469704
1,0,3.257448,17.489582,99.223846,68.855904,25.79071
1,0,3.4730089,16.456509,69.365677,65.364304,20.461079
1,0,2.7893293,20.095592,95.47625,55.887524,24.267042
1,0,3.1144223,22.180977,70.965767,83.627197,22.353407
1,1,3.8727283,18.700634,88.980309,46.312126,22.722303
1,1,3.5386472,19.502691,88.199165,57.537315,23.110363
1,0,3.1606123,19.866863,63.188663,65.352661,20.514072
1,0,3.7898026,18.113531,76.958771,74.355995,31.399038
1,1,2.9153395,20.21644,82.559395,60.149799,16.222136
1,0,3.3811853,20.135641,95.557167,93.459763,20.694679
1,0,2.9849348,14.771073,68.971283,63.177891,17.91647
1,0,3.1136951,14.596102,73.631546,54.888638,24.503437
0,1,2.588423,18.911528,79.323944,79.497421,21.097229
1,0,3.9691744,20.351187,88.283447,64.931992,19.830101
2,0,4.3265648,18.258158,67.476341,83.634361,17.814466
1,1,3.011667,20.640087,81.836967,75.192017,23.666044
0,0,2.9794526,18.231876,91.011078,53.797558,19.357952
1,1,3.4918878,20.446232,75.925446,70.846825,17.391781
1,0,3.7012024,19.182985,93.875237,59.437458,22.618025
0,1,3.2570679,21.899693,72.959145,82.155716,14.647945
1,1,3.5677962,21.335199,84.811905,60.688053,22.216566
1,0,3.3094273,18.835638,76.277382,69.650063,24.904819
0,0,3.6222003,19.662197,80.741432,52.2654,21.574612
1,0,3.2538421,22.214632,78.574348,56.91721,25.585287
1,1,2.7927058,20.320381,82.786415,79.450951,27.351458
1,0,3.8214405,21.12295,92.8144,79.770042,25.422235
1,0,3.3654778,18.829094,86.780502,62.301079,23.618153
1,1,3.0693073,19.029774,86.911263,84.63588,23.119738
1,0,3.3131871,20.997616,75.928375,70.919807,21.876646
1,1,3.8446243,21.344513,82.305984,76.395912,29.092733
2,0,2.9298267,17.408743,75.239365,75.362526,28.601774
1,0,3.2621286,17.446737,79.29438,60.610401,26.30311
1,0,2.8426552,12.884812,81.346748,67.356911,18.280293
0,0,3.7845101,18.686447,84.358688,78.204323,19.267853
1,0,3.2820787,18.994488,73.97506,82.800911,28.673428
2,1,4.0677133,19.408644,84.075905,71.709114,33.583096
1,1,4.0419626,20.939955,81.167953,81.063522,19.138969
1,1,4.5996151,23.531403,68.322693,78.017738,22.308975
0,0,3.2415922,20.353748,66.333328,77.170769,25.162832
1,0,3.1591427,18.648888,94.298569,68.841087,20.910381
1,1,3.4459484,13.97297,76.978439,84.982552,29.02737
