cnom,cbin,ccon,xbin,ucon1,ybin
1,0,3.7334704,0,71.057098,0
1,0,3.505801,0,42.706696,1
1,0,3.8365164,0,52.347363,1
0,1,2.9929278,0,59.517052,1
2,0,3.2837529,1,42.721916,1
1,1,4.1080933,0,69.77404,1
1,0,3.5146484,1,74.102287,1
1,0,4.034122,0,46.201912,1
2,0,3.7284255,0,64.797333,1
1,1,3.6423059,0,56.45179,1
1,0,2.6504071,0,69.161652,0
2,0,3.4950271,0,51.579189,1
0,0,3.141679,0,68.260696,1
0,1,2.4763925,0,64.537476,1
1,0,3.2875113,0,53.654377,1
1,1,3.2290213,0,51.809677,0
1,1,2.9972577,0,74.881989,1
1,1,3.4710443,0,54.784691,1
1,1,3.5773005,0,57.59803,1
1,1,3.4218628,0,67.295311,1
1,1,3.8728735,0,65.355133,1
1,1,3.0827987,0,64.595871,1
1,1,3.1814568,0,53.799129,1
1,0,3.0365677,1,78.622406,1
1,1,3.416337,0,72.081337,1
1,1,2.349385,0,60.899231,1
0,0,2.9613256,0,46.729431,1
1,1,3.4486809,0,72.54734,1
1,0,3.5952194,0,60.776367,1
1,0,3.4788222,0,61.040638,0
1,1,3.2489903,0,67.685577,1
0,1,3.1965005,1,56.199787,1
0,1,2.9627407,0,52.084446,1
1,1,3.8029056,1,69.575897,1
1,1,3.9084709,1,78.551231,1
1,0,3.8895628,0,63.470188,0
1,0,3.5932891,0,55.118301,1
2,0,4.4363742,0,47.380928,1
1,0,3.9443641,1,83.45562,1
0,1,2.8950326,0,63.054691,1
1,1,3.2255256,0,54.04953,1
1,1,3.3643589,0,71.856987,1
1,1,3.690866,0,58.707275,0
1,1,3.6594162,0,75.627899,1
2,0,3.538969,0,64.615593,1
2,0,3.3525903,1,57.892952,1
0,1,2.4643996,1,59.832031,1
1,1,3.4536159,0,36.798256,0
0,1,2.5372214,1,67.880608,1
1,0,4.0128374,1,74.561943,1
1,0,3.6707516,0,72.975288,0
1,1,3.8559141,0,74.488724,1
0,1,3.5626044,0,71.44072,1
1,1,2.7519517,0,50.431721,1
1,1,3.5101066,1,74.116867,1
1,1,3.4028358,1,76.109169,1
1,0,3.4171875,0,65.00116,0
1,1,3.1703629,0,61.460186,1
1,1,3.2789862,0,67.313942,1
1,1,3.8263347,1,62.118145,0
1,1,3.4631488,1,57.852642,1
1,1,3.678798,0,55.734795,1
0,0,2.8997889,1,84.100494,1
1,0,3.3946686,0,68.331245,0
1,0,3.8188987,0,54.702461,1
1,1,3.4720807,0,44.961712,1
1,0,4.1388769,0,76.742249,1
1,1,3.1222506,0,65.190514,1
1,1,3.60762,0,64.582016,1
1,1,3.3964617,0,69.993149,1
0,1,2.7881672,0,42.231262,1
1,0,2.9290984,0,59.470222,1
1,1,3.3325562,0,62.345779,1
1,0,4.0167389,0,61.713558,1
1,1,2.8540561,1,54.996418,0
1,0,3.6988342,1,52.738682,1
1,0,3.5339947,0,60.184303,1
1,0,3.455641,0,60.142857,1
1,0,3.6509497,1,66.261322,1
1,0,4.0930462,1,76.372108,1
2,1,3.389771,1,77.720734,1
1,0,3.3402343,0,70.000229,1
1,1,4.534986,0,75.373344,0
1,0,2.7784631,1,70.216187,1
1,1,4.8322673,1,61.664707,1
1,0,4.0336618,0,61.147213,1
1,1,3.3340647,0,73.621964,1
1,0,3.5741127,1,53.277374,0
1,1,3.8292096,1,66.967743,1
1,1,3.6094975,0,45.709404,1
1,1,3.5670211,0,48.157993,0
0,1,3.0037568,0,53.985886,1
1,1,3.7649291,0,67.291962,1
1,1,3.0026824,0,69.205666,1
0,1,3.4033213,0,78.261581,1
0,0,3.0179939,0,77.780731,1
1,1,3.2692065,0,57.448757,1
0,1,3.6166284,1,85.252213,1
1,0,3.4619005,0,66.837486,1
1,0,2.7720487,0,38.956902,1
0,1,3.0080311,0,55.88063,1
1,0,3.055217,0,64.381538,1
1,0,3.2802804,0,72.231567,1
0,1,3.309356,0,55.136875,1
1,1,3.5635951,0,70.829468,1
1,1,4.0382485,1,66.027092,1
1,1,3.8963099,1,56.538395,1
1,0,3.5508828,0,56.334042,1
1,1,2.3634951,0,40.883713,1
1,0,3.331882,0,64.214989,1
1,0,2.4244699,0,52.560417,1
1,1,3.0638855,0,53.255619,1
1,1,3.0126147,0,53.168945,0
0,0,3.3256865,0,60.216053,1
0,1,2.1439629,0,61.103798,1
2,0,3.4924762,1,84.989044,1
1,0,3.1534607,0,37.427441,1
2,1,3.8482523,0,66.615005,1
0,0,3.5262074,0,65.778122,1
1,1,2.713975,0,64.520653,1
1,1,2.9015179,1,63.801369,1
1,1,3.6015017,1,68.288208,1
1,1,3.4310362,0,67.849098,1
1,1,3.0975294,0,66.060364,1
1,0,4.4851198,0,47.247089,1
1,0,3.0401049,0,77.223221,1
1,1,3.4978271,0,68.522308,1
1,0,3.3160577,0,54.158787,0
1,1,3.1109631,0,48.756672,1
1,0,3.5390308,1,69.048149,1
1,0,3.3748269,1,56.516544,1
1,1,3.7249899,0,49.61301,1
1,0,3.4124403,0,66.458862,1
1,1,3.3944166,0,49.886505,1
1,1,3.552882,0,50.970039,1
1,1,3.6791868,0,45.062527,1
0,1,2.4527638,0,43.688,1
1,0,3.1958563,1,69.635155,1
1,0,3.5060964,0,85.453758,1
1,1,2.9670568,0,72.470444,1
1,1,3.710803,0,54.106873,0
1,0,4.007925,0,57.877048,1
1,1,3.2935545,0,50.191437,1
1,0,3.8239841,0,71.568619,1
1,0,3.0664108,0,68.323166,1
1,0,4.4070258,0,77.056137,0
1,0,3.3165472,0,55.682838,1
1,0,2.5634434,0,63.830421,1
1,1,3.8533645,0,58.403671,1
1,1,3.1138234,0,60.541588,1
2,0,4.1943555,1,59.696846,1
1,1,3.9281905,1,66.45929,0
2,0,3.6988683,0,44.244648,1
1,0,3.1909828,0,52.931431,1
1,0,3.1636758,0,58.531918,1
0,0,2.7294247,0,58.968182,1
1,0,3.6466045,0,76.118462,1
1,1,3.436471,0,54.094227,1
1,0,3.8050392,0,56.913845,1
0,1,2.8227146,0,61.424828,1
1,0,2.8372307,0,58.063305,1
1,1,3.3710964,0,59.783058,1
1,0,3.644134,0,61.854465,1
2,0,3.4477441,0,62.196453,1
1,1,3.2513778,0,61.173042,1
1,1,3.2660103,0,63.113438,1
1,0,3.7049496,0,45.308064,1
1,1,2.9093196,0,54.67083,1
1,1,3.0561328,0,51.810448,0
2,0,4.4106374,0,49.92548,0
1,0,3.195853,0,42.26017,1
1,0,3.8788211,0,40.768154,0
1,0,4.6845164,0,72.960899,1
1,1,2.9935536,1,59.191208,1
1,0,3.3027816,0,42.462444,0
1,1,3.1911793,0,60.405334,1
1,0,3.3847988,0,54.757847,1
1,1,4.2064295,0,83.642509,1
1,1,3.735322,0,65.022316,0
1,0,3.3691626,0,55.429764,1
1,0,3.2839258,1,61.456669,1
1,1,2.9817407,0,79.549362,1
0,0,2.8649549,1,56.388245,1
1,1,3.9015996,1,71.414528,1
1,0,3.6569123,0,61.741516,1
1,1,3.7838399,1,73.265808,1
1,1,3.4244025,0,71.138397,1
1,1,4.2239099,0,44.683323,0
1,0,2.8307812,0,66.829659,1
1,0,3.5463424,0,55.847511,0
1,1,3.3157239,0,61.767548,1
1,0,2.5253131,0,59.855343,0
1,0,3.1153126,1,56.074844,1
1,1,3.1066198,0,40.451874,0
1,0,3.1131909,0,78.995567,1
1,1,3.048635,0,50.377895,1
0,0,2.6966779,0,59.331501,1
1,1,3.1525867,0,72.185539,1
1,0,3.4015753,0,49.388031,1
0,0,3.2174973,0,47.898354,1
1,1,2.9812183,1,60.684845,1
1,0,3.5416987,0,47.905861,1
1,0,3.5612195,0,68.362312,1
0,1,2.0604725,0,45.008308,1
1,0,4.0378737,0,63.417034,1
2,0,3.7286894,0,69.100487,1
2,0,3.9253578,0,62.974693,1
1,0,3.9191043,0,70.090378,0
1,0,3.2097445,0,74.021324,1
0,1,2.5124397,0,59.802673,0
1,1,2.5447929,0,67.842651,1
1,0,3.1052415,0,62.747578,1
1,1,3.6167791,0,66.31208,1
1,0,4.2129207,0,62.746521,1
1,0,3.3038132,0,60.476482,1
1,1,3.071358,1,60.86879,1
1,0,3.5652246,0,49.111408,1
1,1,3.3094964,1,61.632286,1
1,1,3.4247363,0,51.719467,1
1,1,2.9791706,0,71.264236,1
1,0,4.0473671,1,77.311996,1
1,1,3.859689,0,74.784462,1
0,1,2.9587831,0,55.196178,1
0,1,2.5265584,0,69.1353,1
1,0,3.705343,1,65.082199,1
2,0,3.0383005,0,70.991531,1
1,1,3.6327255,0,47.943588,1
2,1,3.4468052,0,79.932129,1
1,1,3.8883007,0,61.520702,1
1,0,3.0576959,0,58.59948,1
1,1,3.3613303,0,61.416054,1
1,0,3.3346632,0,74.231186,1
1,0,3.5737278,0,62.897232,1
1,0,3.9973927,0,68.32798,1
0,1,2.5785856,1,55.435242,0
1,0,3.9049308,1,69.088539,1
2,0,3.5181303,0,61.357857,1
1,1,3.3197026,0,74.217804,1
1,0,3.7761993,1,70.20462,1
1,1,3.514055,0,44.939632,1
1,1,3.1109452,0,62.030216,1
1,1,3.322912,0,54.626362,0
1,1,3.903923,0,52.475239,0
1,1,3.1391077,0,61.254463,1
0,0,1.9572475,0,52.107254,1
1,1,4.0888886,0,62.205433,0
0,1,3.1587367,0,83.09137,1
1,0,3.5714295,0,63.394306,1
1,0,3.0021095,0,51.771301,1
1,1,3.2916527,0,72.430977,1
2,1,4.1784639,1,70.024628,1
1,1,3.244369,0,65.789825,0
1,1,3.2552211,0,66.181221,1
1,1,3.6837471,1,75.755325,1
1,1,3.2015827,0,51.33601,1
1,0,3.1717598,0,68.75531,1
0,1,2.7392538,0,62.852768,1
1,0,3.8548203,0,60.120617,1
1,0,3.4651282,0,58.071522,1
2,1,4.0897226,0,74.145821,1
1,0,4.0217519,0,65.674873,1
1,0,3.703217,0,59.338638,1
1,1,3.7746568,0,65.968262,1
1,0,3.3847435,0,62.00568,1
2,0,3.2457902,1,66.142868,1
2,0,3.1069942,0,55.643051,0
1,0,2.9353483,0,60.647655,1
1,0,3.144356,0,50.721172,0
1,1,3.4880958,0,56.463829,0
1,0,3.2525227,0,64.678909,1
2,0,3.4878454,0,53.394585,1
1,0,3.6222434,0,50.55629,1
1,0,4.0541658,0,48.675014,1
1,1,3.2253802,0,46.753296,1
1,1,3.1342173,0,65.664818,1
1,0,3.2157252,0,52.425739,0
1,1,2.7855246,0,56.062191,1
0,0,2.6558671,1,74.528961,1
2,0,3.7461786,0,83.161102,1
1,0,3.6926982,0,67.713905,1
1,0,3.7385375,0,52.140774,1
1,1,3.5715585,0,67.315651,1
1,1,2.9807835,0,62.001781,1
1,1,2.7386026,1,73.409286,1
1,1,3.0256114,0,61.561211,1
2,1,3.7585583,0,52.023075,1
2,0,3.6364388,1,54.280121,1
2,0,3.125922,0,58.045509,1
1,0,3.9672809,1,66.44519,1
1,0,3.4420047,0,69.235451,1
2,0,2.9804916,0,69.578117,1
1,0,3.7693563,0,53.878372,0
1,0,2.8482561,0,58.679287,1
1,1,2.9483821,0,64.414391,1
0,1,2.7816954,1,63.472427,1
1,0,3.3252842,0,54.207832,1
1,1,3.7098296,0,60.011108,0
1,1,3.6041517,0,61.031101,1
1,1,3.4667265,0,72.659218,0
0,0,3.2317202,0,56.995564,0
1,0,3.5779331,0,70.409119,1
1,1,3.2475622,0,59.050941,1
1,1,3.3860385,0,56.036514,1
1,1,2.9978693,1,71.478058,1
2,1,3.026988,0,53.731361,0
1,1,3.9247119,1,60.675678,1
1,0,3.2172847,0,60.049717,1
2,0,3.2481475,0,46.329617,0
0,1,3.364408,0,70.48439,1
1,0,3.6576378,0,60.353558,1
0,0,2.5228426,0,82.746849,1
1,1,3.0862546,0,64.270691,1
1,0,3.5655594,0,64.615181,1
1,1,2.4403563,0,45.2686,0
1,1,3.2758102,0,66.097946,1
1,0,2.9386122,0,71.153816,1
1,0,2.4841602,0,59.633949,1
2,1,2.497515,1,67.258011,1
1,0,3.5423186,0,62.424171,0
1,0,2.7879579,0,68.350288,1
1,0,2.6129661,0,54.989319,1
1,0,3.0808249,0,66.791252,1
1,0,2.9034076,0,56.806717,1
1,1,3.21925,0,61.210049,1
1,0,3.0737846,0,65.013962,1
1,1,3.0691276,0,62.676773,1
1,0,3.5162222,0,52.832581,0
1,0,3.6903868,0,63.013416,1
2,1,3.4928012,1,76.017342,1
1,1,2.9262838,0,69.14267,1
1,1,3.0511816,0,66.809204,1
1,0,4.0105057,0,57.281639,1
1,0,3.2572284,0,51.428562,1
1,1,4.1377354,0,70.301987,1
1,0,3.7964692,0,70.574547,1
2,1,3.3439636,0,52.949688,0
1,0,3.0855839,0,67.950035,1
1,0,3.3693104,0,53.970573,1
1,0,3.6434655,0,56.901783,1
2,1,4.2797151,0,62.510578,1
2,0,3.6727698,0,61.993629,1
1,0,3.2736042,0,60.207527,1
1,1,3.0952961,1,52.602768,0
1,0,3.4156239,1,76.81736,1
1,0,3.8545916,0,54.614559,1
1,0,3.5646274,0,50.071667,1
1,0,3.5914621,0,65.636208,1
1,1,3.3657672,0,53.268257,1
1,1,3.4839187,0,70.306419,1
0,1,2.9655163,0,64.496162,1
2,1,2.8835273,1,70.913536,1
1,0,4.1288953,0,57.951794,1
1,1,3.3520641,0,27.122162,1
1,1,3.2393062,0,56.486515,1
1,1,3.1589136,0,40.821758,1
1,1,3.2161384,0,57.147091,1
1,0,4.6261225,0,58.802628,1
2,0,2.7529254,0,52.500977,1
1,0,3.2472994,1,65.79982,1
0,1,2.4125626,0,69.433372,1
1,1,3.7383759,0,55.861294,1
1,0,3.3996315,0,46.306515,1
1,0,3.5596132,0,57.817291,1
1,0,2.8637965,0,45.905468,0
1,0,3.5381827,0,51.92197,1
1,1,2.8241155,0,62.303986,0
1,1,3.8269,0,66.974228,1
1,1,3.5279791,0,61.554787,1
2,1,3.1918273,0,43.140347,1
1,1,2.6275666,0,52.21032,1
1,0,4.2958717,0,56.672821,1
1,0,3.5572674,0,63.75869,0
1,0,2.9920046,0,57.47237,1
1,1,3.3315182,0,69.862534,1
2,1,2.8008151,0,62.669907,1
1,0,3.4810896,0,64.948631,1
1,1,3.5591607,0,68.712486,1
1,1,3.1256096,1,74.23777,1
1,0,4.6176662,0,74.132912,1
1,1,2.6073759,1,66.451202,1
1,0,3.8090508,0,63.414467,1
1,0,3.4164896,0,49.707695,1
1,0,3.9442289,0,59.567616,1
1,1,3.3851418,0,47.297867,1
1,1,4.2693343,0,70.02021,1
1,1,2.7043135,0,55.494274,1
1,1,3.6897938,0,69.887436,1
1,0,2.428725,0,52.061852,1
1,1,2.6891017,0,58.053082,0
2,0,3.5029807,0,62.001488,1
2,0,3.7280104,0,50.886456,1
1,0,3.7544353,0,48.975597,1
2,1,3.5177884,0,62.072887,0
0,1,2.6528263,0,54.60936,0
1,0,3.0766463,0,52.609344,1
2,1,2.6632082,0,57.10183,0
1,0,3.7342079,0,80.137817,1
1,0,3.3516381,0,60.817074,1
1,0,2.8269587,1,62.775455,1
1,1,2.8823082,0,51.942478,1
1,1,3.4009833,1,75.139633,0
1,0,3.7999468,0,63.110775,1
1,1,2.4941065,0,50.682056,1
1,0,2.5584385,0,48.80872,1
1,1,3.4328234,0,78.922073,1
2,0,4.7805142,0,66.197128,1
1,0,2.9577327,0,66.028854,1
1,1,3.635627,0,65.798454,1
0,0,3.3028677,0,53.855141,0
2,0,3.6211848,0,48.170063,1
1,0,3.4880826,0,80.715469,1
2,0,3.3642511,0,75.749298,1
1,1,3.1287825,0,47.827057,1
1,0,4.1587806,0,64.840485,1
1,0,3.2672606,0,44.150635,1
1,1,3.5996025,1,56.151718,0
1,1,3.331687,1,75.891991,1
2,1,3.494961,0,68.567749,1
1,0,4.4211197,0,67.83548,1
0,1,3.3771944,0,63.47818,0
1,1,4.1506262,0,56.384186,1
0,0,3.4297209,0,65.151154,1
1,0,2.6987801,0,57.774239,0
1,1,2.9202542,0,60.020985,1
1,0,3.7203021,0,86.388908,1
1,1,2.7170002,0,42.862209,1
1,0,3.6319606,0,72.104118,1
1,0,2.9706044,0,53.298958,1
1,0,3.5068285,0,57.898216,1
1,1,3.9826567,0,70.533104,1
1,0,3.2450087,1,61.155602,1
1,1,3.5922852,0,60.128277,1
1,1,3.1878126,0,58.869831,1
0,0,2.7555962,0,57.013706,1
1,0,3.438247,0,53.735519,1
2,1,3.3278499,0,50.353912,0
1,0,3.8068798,0,60.477379,0
1,0,4.0404239,1,54.547993,1
1,0,4.156343,0,55.815132,1
1,1,3.1646798,0,70.778099,1
1,1,4.0280995,1,85.281731,1
1,1,3.4063442,0,66.633141,1
0,0,3.3582685,1,66.655663,1
1,0,3.2655444,0,50.752453,1
1,1,3.0849204,0,57.321033,0
1,0,4.0302229,0,62.408764,1
2,0,3.7447598,0,61.04026,1
1,0,3.518259,0,45.981327,1
0,1,3.3421552,0,46.972733,0
1,1,3.637743,0,56.375977,1
1,0,2.731564,0,61.108303,1
2,1,3.0861785,0,64.823311,1
0,0,2.3583775,0,45.30637,0
1,1,3.1848347,1,79.235741,1
0,1,3.1963637,1,67.948723,1
0,1,2.8348074,0,75.236977,1
0,1,2.5940597,0,57.198292,0
1,0,3.7719889,0,48.668968,1
1,1,3.2094178,0,68.9366,1
1,1,3.6924441,1,64.828781,1
1,1,4.3717351,0,55.975605,1
1,0,3.3556247,0,63.550018,1
2,0,3.734906,0,50.932339,0
1,1,3.6677957,0,56.839027,1
1,1,3.3486888,1,48.118088,0
2,1,2.9835744,1,79.956474,1
1,1,2.8181,0,48.916615,0
1,1,4.0845857,1,62.765663,1
2,1,4.0306687,0,58.415348,1
1,1,3.5811388,0,67.675194,1
1,1,3.5685201,0,47.023449,1
1,0,3.5939119,1,77.712242,1
1,1,3.7073565,0,61.627327,1
1,0,3.6782651,0,66.07016,1
1,0,3.7194312,0,75.118118,1
2,0,4.1382546,0,68.294853,1
1,1,2.9544497,1,68.176994,1
1,1,3.5442703,0,56.72649,1
1,0,3.3819299,0,66.909615,0
1,0,3.094579,1,63.528263,1
1,1,3.4310634,0,54.620411,1
1,1,3.4906149,1,67.199036,1
0,1,2.4033036,0,59.771885,1
1,0,3.9616857,0,59.738838,1
0,0,2.5942364,1,77.565483,1
1,1,3.3755524,0,72.570335,1
1,1,3.4999506,0,44.508648,0
1,1,3.2055249,0,65.756721,1
1,1,3.3244119,0,61.436478,1
1,1,3.219753,0,58.907658,1
2,0,4.0056787,0,53.754112,1
1,1,3.0563948,0,64.763741,1
1,0,4.0100307,0,72.54998,1
1,1,2.8538022,0,48.561558,1
1,0,3.1494768,0,59.597202,1
1,0,3.6746218,0,54.106873,0
1,0,3.5569086,0,46.658451,1
0,1,3.0880497,0,59.361813,0
1,1,3.3807912,0,67.727211,1
0,0,2.3432703,0,52.708687,1
1,1,3.6838439,0,73.948921,1
1,0,3.045795,0,59.682556,1
1,0,3.4104893,0,77.280174,1
2,0,3.2187107,0,83.641716,1
1,0,3.834059,0,69.6782,1
0,1,2.9594009,1,78.422478,1
0,0,3.6686606,0,56.353653,1
1,1,2.8664718,0,70.759735,1
1,1,3.4751017,1,69.450691,0
0,0,2.1622171,0,61.174969,1
1,1,3.2275019,0,73.52343,1
1,1,2.9658415,0,60.781139,1
2,0,4.3480468,0,60.873348,0
1,0,3.3487134,1,69.956291,1
1,0,3.1559188,0,52.959053,1
1,1,3.4657443,1,77.13195,1
2,1,3.3902156,0,68.811562,1
1,0,2.8540459,0,38.350494,0
1,1,3.5131214,0,63.284931,1
1,1,2.8132579,0,54.886696,1
1,1,3.1436908,0,72.302269,1
1,0,3.8918724,1,65.274124,1
1,1,3.4127605,0,59.23568,0
1,1,3.5713189,1,54.220238,1
1,1,3.3931727,1,55.002434,1
1,0,4.0060806,0,59.959713,1
1,1,3.5039437,0,61.124168,1
1,0,3.5134842,0,65.95372,1
0,0,2.6331775,1,77.879906,1
2,0,4.1638069,0,65.003098,1
1,1,3.4066954,0,51.560257,1
1,0,3.5179741,0,59.723038,0
1,1,3.5911958,0,63.763603,1
1,1,3.2791133,0,59.075432,1
2,0,4.5148602,1,81.007744,1
0,0,2.2522337,0,56.698223,1
1,0,3.8523109,0,58.176117,1
1,1,2.6623662,0,52.699219,1
2,1,3.3639545,0,63.150372,0
0,1,2.994633,0,73.5345,1
2,0,3.0927188,0,67.582443,1
1,1,2.8957772,1,61.245472,1
0,0,3.0422373,0,60.811459,1
2,0,3.5166163,0,58.424068,1
0,1,2.7835081,0,44.024834,1
1,0,3.7716432,0,65.811836,1
2,1,3.2598972,0,54.010746,1
1,0,2.9692717,0,68.789909,1
1,1,3.3368468,0,73.147896,1
1,0,4.3538485,1,67.131516,1
1,0,3.1847496,0,48.010311,1
1,0,3.6982825,0,63.910789,1
1,1,2.6796803,0,57.500263,1
1,0,3.3246472,0,65.020271,1
1,0,4.4031596,0,47.577316,1
1,1,3.6447241,0,56.167538,1
1,0,3.2546186,0,62.29533,1
1,1,3.2619872,1,61.687595,0
2,1,3.2288055,1,81.283028,1
1,1,2.9842215,0,61.514866,1
1,1,3.1119478,0,66.177444,1
1,1,3.4879918,0,71.909195,0
2,1,3.0372641,0,63.763187,1
1,0,3.0706372,0,56.388523,0
2,0,4.690414,0,74.520966,1
1,1,4.185657,1,73.844986,1
0,1,2.8466415,0,59.08754,1
1,0,3.645808,0,67.355774,1
1,0,4.4193602,1,71.557213,1
2,1,3.4795921,0,59.443027,1
1,0,3.3283937,0,63.419224,1
1,0,3.5050414,0,72.33532,0
1,0,2.9226937,0,54.803089,1
0,0,2.1020794,0,55.807156,0
1,1,3.2792642,0,70.279343,1
1,0,3.9344642,0,49.705067,1
1,1,4.1483808,0,60.58123,1
2,1,3.5933173,1,67.071815,1
0,0,3.854414,0,70.702156,1
1,0,3.4300098,0,66.606148,1
1,1,3.759969,0,48.941204,0
1,0,3.5247951,0,45.030865,0
2,1,2.7967951,0,40.815781,0
1,1,3.8146145,1,58.495968,1
1,1,3.6433797,0,66.660721,1
1,0,2.480372,0,44.768944,1
1,1,3.0593452,0,62.973949,0
1,0,3.9534736,1,84.789146,1
1,1,3.2828577,0,66.524681,1
0,1,1.9013242,0,50.75716,0
1,1,3.472856,0,58.129791,1
0,0,2.9967749,0,46.607761,0
1,1,3.879261,0,50.203094,0
1,1,3.6731844,0,42.273521,1
1,1,3.259891,1,69.107376,1
1,1,4.1121058,1,66.385033,0
1,1,3.7269785,0,54.971416,1
1,1,2.3554227,0,59.405006,0
1,1,3.0132079,0,62.092323,1
1,0,3.0130942,0,59.343918,1
1,0,3.0597484,0,53.92128,1
1,0,3.7078018,0,72.140572,1
1,1,3.7306564,1,53.860142,0
1,1,3.4139311,0,58.23811,1
1,1,3.0917039,0,70.440765,1
0,1,2.0475516,0,57.453876,1
1,0,3.7012908,0,51.84589,1
1,1,3.1588609,0,47.652481,0
1,0,3.6427169,0,70.875687,1
1,1,2.3130713,0,51.808521,1
1,0,3.8760664,0,51.197521,1
1,0,3.5188081,0,50.608967,1
1,0,3.740798,0,66.086349,1
1,0,2.96717,0,50.604847,0
1,0,3.5889263,0,49.558556,1
1,0,3.8579249,0,47.230373,1
1,0,3.363723,1,75.130066,1
1,0,3.6295891,0,48.373806,1
0,0,3.3178954,0,71.789978,1
1,0,3.4340088,0,57.59314,1
2,0,4.0368629,0,57.986359,1
1,1,3.227536,0,66.513268,0
1,0,3.0770452,0,48.786495,1
1,0,3.9605682,0,51.924133,1
1,0,3.5607374,0,38.042439,1
1,0,3.5930183,0,59.923248,1
1,1,3.4889278,1,61.186218,1
2,0,3.7186458,0,70.010132,1
1,1,3.5787804,0,76.541855,1
1,0,3.5054736,0,64.388359,1
0,0,2.8732343,0,65.213097,1
2,1,3.1666121,0,67.429138,1
1,1,4.3805451,1,65.368896,1
1,1,4.533288,1,68.693802,1
1,0,3.5792909,0,61.873837,1
1,1,2.870882,0,58.464939,0
1,1,3.4405863,1,64.887589,1
1,0,3.5573909,1,60.178326,1
1,0,3.2711959,0,66.821304,1
2,1,3.3120155,0,48.8438,1
1,0,4.0631285,0,60.611126,1
1,0,3.0671163,0,65.46537,1
1,0,4.0523605,0,64.365623,1
0,0,2.9066253,0,48.502678,1
1,0,2.7627966,0,54.063999,1
2,1,4.0556397,0,51.893326,1
1,0,4.2859855,0,61.139275,1
1,1,3.5245473,0,71.481117,1
2,0,3.0300758,0,76.644501,1
1,1,3.2570896,0,63.174183,1
1,0,3.4671745,0,68.153885,0
1,1,3.7258513,0,50.843464,1
1,0,3.3976789,0,56.209393,1
1,0,3.7483461,0,66.211922,1
0,1,2.3251309,0,48.792229,0
1,0,4.6666002,1,67.016594,1
1,1,2.6882751,0,66.324692,1
1,1,3.0288036,0,57.179874,0
1,0,3.5628448,0,66.991119,0
1,1,3.0297964,0,54.975986,1
0,0,2.5320461,0,48.36998,1
0,1,2.6129935,0,48.616879,1
1,1,2.6923814,0,63.002838,1
1,0,3.6589289,0,49.447803,0
1,1,3.2161033,1,70.350288,1
1,0,3.4281902,1,74.139069,1
0,0,2.8255889,0,38.724594,0
1,0,3.6204085,0,55.409489,1
1,1,2.5792792,0,52.59964,1
1,0,3.7886086,0,59.919071,1
0,0,2.4254026,0,66.791405,1
1,1,3.6313362,0,54.78714,0
1,1,3.5180707,0,59.060028,1
1,1,3.1210387,0,77.688683,1
1,0,3.3551278,0,61.065331,1
0,1,3.14517,0,62.63958,1
1,0,3.0486851,0,57.213531,0
2,0,3.5574117,0,69.160751,0
1,1,2.8919344,1,79.232216,1
0,1,3.4051218,0,65.339554,1
2,0,3.2811699,0,61.795784,0
1,1,3.5130041,0,42.705254,0
2,0,3.2670922,0,50.318455,0
1,0,4.0964656,0,72.63633,1
1,0,3.9060428,0,64.284904,1
1,1,3.4699488,0,57.251427,1
1,0,3.641196,0,66.205627,1
1,1,3.7452967,0,64.793236,1
1,1,3.5021882,0,68.077263,1
1,0,2.7863171,0,48.700016,1
0,1,2.8277936,1,64.734955,1
0,1,2.7210035,0,52.256214,1
1,0,3.7125702,0,44.628937,0
1,1,2.998167,0,67.025841,1
1,0,4.2898545,0,68.198227,0
1,0,4.2873998,0,62.753258,1
1,0,3.5687015,1,62.725063,1
2,0,3.523592,0,70.186089,1
2,1,2.2877588,0,67.421791,1
1,1,2.382442,0,45.893074,1
1,1,3.8174286,1,88.054565,1
0,0,3.7093582,1,77.123589,1
1,0,2.9472244,0,51.468784,1
1,0,3.9760575,0,60.250557,1
1,1,3.5889876,0,59.957081,0
1,0,3.6851237,0,57.156258,1
1,1,3.23474,1,56.790451,1
1,1,2.9558616,0,44.511906,1
1,0,3.2414651,0,53.7626,1
1,0,4.3327546,0,69.622177,1
0,1,1.8342155,0,70.332344,1
0,1,3.1282563,0,65.568985,0
1,1,3.3442864,1,62.124794,1
1,0,3.1007979,0,73.153397,1
2,0,4.0791941,1,61.413391,1
1,0,3.2042127,0,58.000546,1
1,0,3.9145186,0,57.005543,0
1,1,2.7435737,0,39.373596,0
0,1,2.993196,1,69.66732,1
1,1,3.3924699,0,58.640553,1
0,0,2.711261,1,72.801636,0
1,1,3.1691904,0,59.155132,1
1,1,4.2834167,1,63.936642,1
1,0,3.7993279,0,57.295101,0
1,1,3.7504246,0,53.866467,1
2,0,3.547653,0,57.853931,1
1,1,3.2623837,0,61.535969,1
1,1,2.7892983,0,60.838352,1
1,1,2.6099231,1,64.304192,0
2,1,2.9757304,0,64.60041,1
1,0,3.4571371,1,70.732407,1
1,0,3.2008259,0,58.540604,1
0,1,3.3785703,1,47.376747,1
2,0,3.7233043,0,57.665302,1
1,1,2.5574498,0,57.245541,0
1,0,3.5003412,0,68.824242,1
1,0,4.0795145,0,58.546646,1
1,0,2.8466249,1,65.531082,1
1,0,3.6162398,1,82.513306,1
2,0,3.7158978,0,58.865475,0
1,0,3.767339,0,58.90448,1
2,0,2.8819537,0,44.741833,1
1,0,2.813448,0,57.22963,1
1,1,3.1636512,0,59.55695,1
1,0,3.3056703,0,58.389919,1
1,1,3.7130401,0,73.565681,1
2,1,4.2099509,0,55.251938,0
2,1,3.4485724,0,63.299252,1
1,1,3.3939104,0,60.425194,1
1,0,4.0438271,1,89.338577,1
1,1,3.1503959,0,45.669685,0
2,0,3.6860676,0,53.435661,1
0,1,2.7136152,0,56.203747,1
2,1,3.4039493,0,56.697876,1
0,1,2.5389454,0,71.283676,1
1,1,2.3872106,0,56.646217,1
1,1,3.00279,0,56.240494,1
1,1,3.444207,1,59.305775,1
1,0,3.5150509,0,66.97998,1
1,1,4.7250996,0,52.718464,0
1,1,3.4698918,0,57.522671,1
1,1,3.2525494,0,75.538528,1
1,0,4.4196587,0,75.132988,1
1,0,3.7956038,0,65.671371,1
1,0,3.8450189,1,79.061562,1
1,0,3.4082732,0,44.370033,1
1,0,4.3179059,0,58.237671,1
1,1,3.8135746,1,59.89476,1
1,1,3.0870574,0,44.801704,0
1,1,3.1614192,1,71.790947,1
1,1,4.084198,0,55.756676,1
1,1,3.3137782,1,55.264236,1
1,0,3.5526514,0,60.071949,0
1,0,3.1283925,0,74.937317,1
1,0,4.1043177,0,65.855598,1
1,0,3.5962353,0,70.361107,1
1,0,3.9102736,0,69.299187,1
1,0,3.3126814,0,51.081348,1
0,1,2.5636194,0,61.148914,1
1,1,3.4874203,0,63.061634,1
1,1,3.2796772,0,58.717342,1
2,0,3.2334547,1,67.827774,1
1,0,3.4655252,0,61.06699,1
1,0,3.1051998,0,69.939415,1
1,0,3.294812,0,48.27784,1
1,0,3.1748855,0,46.6096,1
1,0,3.8081319,0,53.282181,1
0,1,2.1662414,1,69.991539,1
1,0,4.1509967,0,64.781975,1
0,1,2.8393466,1,76.031418,1
1,1,3.5631499,0,57.794476,1
1,1,3.3314443,0,45.668781,0
1,1,3.9124572,0,66.932831,1
1,0,3.047775,0,74.431519,1
1,0,3.2966669,0,65.959991,1
0,0,3.2188599,0,63.54665,0
2,1,4.0871463,0,87.015839,1
1,1,3.4077005,0,50.869572,1
1,0,3.2973425,0,44.052288,1
0,0,2.9925723,0,68.21154,1
1,1,3.5012999,0,72.02301,1
1,1,3.6899099,0,60.924927,1
1,0,3.3228204,0,63.322567,1
1,0,2.9973183,0,65.239754,1
1,0,3.3261857,0,76.475441,1
1,0,2.8529832,0,65.078384,1
1,0,3.4267228,0,55.293377,1
1,0,4.0993938,1,55.334038,1
1,0,3.0068712,0,59.961006,1
1,0,4.5924616,1,79.623795,1
1,0,3.8664296,0,72.663322,1
1,1,3.0170472,0,58.431499,1
1,1,3.4227538,0,59.407063,0
1,0,3.2248266,0,72.679985,1
1,0,4.0743132,0,70.146523,1
2,0,3.842308,0,60.674389,1
1,0,3.1675339,1,60.135529,1
1,1,3.4337261,0,65.662979,1
1,0,2.9065914,0,58.833248,1
1,1,2.9944293,0,51.779663,1
1,1,2.8864641,1,71.732941,1
1,1,3.1478469,1,67.814087,1
1,0,3.2500925,0,77.20314,1
1,0,3.8066378,0,69.005547,1
1,1,3.149595,0,57.935646,1
0,1,3.5803399,1,55.560146,1
1,1,2.9776287,1,62.702301,1
0,1,2.0908122,0,61.572681,1
1,1,3.624413,0,58.760601,1
1,0,3.6991189,0,50.353195,1
1,0,3.5710711,0,54.865635,1
1,1,3.7878008,0,69.363243,1
1,0,3.2758143,0,54.728428,1
1,0,2.6736474,0,44.40023,1
1,1,2.9662187,0,44.890106,0
1,1,4.3074517,1,76.039368,1
1,1,3.0832269,0,72.581741,1
1,1,3.2778192,1,64.442528,1
1,1,3.390846,0,74.130684,1
1,0,3.7433929,1,76.400566,1
1,0,2.9630799,0,49.56654,1
1,1,3.3118811,1,59.158489,1
1,1,2.7551408,0,57.088558,0
0,1,3.0738204,0,64.562141,1
1,0,3.2187674,1,62.056881,1
1,0,3.4185312,0,52.43494,1
2,0,3.2549026,0,56.740311,0
1,1,3.6769705,0,80.29718,0
1,0,2.9726574,0,62.830959,1
1,0,3.195003,0,62.563435,1
1,0,3.7641706,1,74.786217,1
1,1,4.3776059,0,57.303329,0
1,0,3.154937,0,71.793373,1
1,0,3.2010722,1,70.840019,1
1,0,3.6184969,0,74.277969,1
1,0,3.0935466,0,61.671917,1
1,0,3.2545245,0,51.904781,1
0,1,2.7527475,0,60.588989,1
1,0,3.3272479,1,83.662453,1
1,1,3.6164067,0,61.878624,0
1,1,2.8351505,0,69.496025,0
1,1,2.649714,0,65.125648,0
0,1,2.7937067,0,60.286358,0
1,1,3.703316,0,49.466557,0
1,1,3.8332796,0,41.929401,1
1,0,3.3048191,0,53.14603,1
1,0,3.4095771,0,78.903267,1
1,0,3.7758698,1,96.656883,1
1,1,3.5476527,0,61.359528,1
1,0,2.9072552,0,60.723339,1
2,0,3.7972095,0,70.331352,1
1,1,3.3344319,1,63.590363,1
1,1,3.6508772,0,52.017403,1
1,1,3.5072281,0,81.806137,1
0,0,3.5912738,0,50.922955,1
2,0,3.7403502,1,66.985802,1
0,0,2.2812989,0,44.6796,0
1,1,3.5812132,1,64.091682,1
1,0,2.8176904,0,75.324287,1
1,0,3.1084123,0,47.043335,1
2,1,2.4809883,0,51.933353,0
0,0,2.5305629,0,76.578293,1
0,0,2.1911452,0,64.084747,1
1,1,3.2214284,1,66.922516,1
1,0,2.817528,0,67.778847,1
1,0,3.2494886,0,57.733791,1
1,1,4.0204301,1,79.371185,1
1,1,2.7705202,0,38.404064,1
2,1,3.4969716,0,63.731483,0
1,0,3.9735079,0,62.450096,1
0,1,2.3441713,0,62.096859,0
1,1,3.9162796,0,54.731083,1
0,0,2.7941222,0,67.355423,0
1,0,3.4145517,0,51.820827,1
1,0,2.7533808,0,57.589828,1
1,0,3.0905919,0,61.038776,0
1,0,3.5888627,0,58.392044,1
1,0,3.7714665,1,79.172493,1
1,1,3.484777,0,85.682487,1
1,1,3.5046837,1,78.077232,1
1,0,3.4977686,0,69.126518,0
1,0,3.660938,0,70.680077,1
1,0,3.4906538,0,58.140327,1
1,1,2.4816394,0,44.748791,1
1,1,2.9979565,0,54.669949,1
2,1,3.6484568,0,60.417603,0
1,0,3.4725387,0,56.797104,1
1,1,2.8650527,0,62.504295,0
1,1,2.5849984,0,36.305538,1
1,0,4.2207422,1,73.62529,1
1,1,4.2185917,0,67.570366,1
1,1,3.1000226,0,57.963493,1
1,0,3.7340894,0,61.155392,1
1,1,3.9737868,0,71.743118,1
2,0,4.3059306,1,72.757782,1
0,1,3.2244051,0,61.106972,1
1,0,3.4493313,0,56.530834,1
1,1,2.7848895,0,54.305672,0
1,1,3.6826077,0,63.203732,1
1,1,3.755935,0,61.225521,1
1,0,2.838516,0,56.361252,0
1,1,3.7664213,0,65.193542,1
0,0,2.6041028,0,55.793774,1
1,1,3.6985476,0,67.672333,1
1,0,3.3312521,0,67.27626,1
1,1,3.2583671,0,62.117332,0
1,0,3.341275,0,50.795807,0
2,0,3.3697033,0,59.200069,1
1,1,2.97948,1,73.06311,0
0,1,2.8493531,0,45.476479,1
1,1,3.8906021,0,76.307243,1
0,1,3.002749,0,48.57568,1
1,0,4.2289944,0,50.173393,0
0,1,2.444519,0,58.701347,0
0,1,2.4726756,1,79.62368,1
1,0,3.8923419,0,45.607929,1
0,0,2.842845,0,58.246536,1
1,1,2.9498677,0,51.572887,1
1,0,2.5483277,0,50.403214,1
1,1,3.4222913,0,48.598068,1
0,1,3.2166317,0,63.41238,1
1,0,3.3791904,0,36.388596,0
1,0,4.7976565,1,67.949684,0
2,1,3.4306343,0,51.315437,1
0,1,2.9502611,1,56.792515,0
1,1,3.5148888,0,60.377644,1
1,0,3.0562565,0,74.231834,1
1,1,3.1737342,0,63.309174,1
1,0,3.915499,1,81.178467,1
1,1,2.8943815,0,63.521965,1
1,1,4.3648748,0,95.134003,1
1,0,3.7132225,0,39.949314,1
1,1,2.8919532,0,62.399578,1
1,1,3.4089224,0,49.876404,1
1,0,1.7700843,0,55.044746,1
1,1,3.2700624,0,65.313583,1
0,0,2.5024207,0,59.701077,1
1,0,3.2985525,0,60.206234,1
1,0,3.1052392,0,47.589153,1
1,0,4.0862913,0,83.885658,1
1,0,2.8476386,0,62.143913,1
0,1,3.0543165,0,55.906647,1
1,1,3.5819702,1,62.168148,1
1,1,3.2155361,0,49.692554,1
1,1,3.1054602,0,73.033455,1
2,0,3.376776,0,38.996784,1
1,1,2.9774339,1,62.475098,0
0,1,2.3080781,0,53.235077,1
1,1,3.3017061,0,55.026104,1
2,0,3.7291498,0,52.016258,0
1,0,3.4883945,0,47.544144,0
1,0,3.8620746,1,68.663651,1
0,1,2.687839,0,55.778633,1
1,0,4.1284828,0,56.995754,1
1,0,4.0905619,0,66.116882,1
2,1,2.9926462,0,61.102947,0
1,1,3.276984,0,59.341873,1
1,1,2.7885659,0,56.850071,1
1,1,3.6090779,0,69.445793,1
1,1,3.9339597,0,61.661163,1
1,0,3.5911551,0,62.041542,1
2,1,3.9817083,0,71.451736,1
1,0,3.1202536,0,50.80064,1
1,0,3.9951055,0,57.532852,1
1,0,3.4237926,0,62.31826,1
1,1,4.090652,0,60.313877,1
1,0,3.7045898,0,69.131348,1
1,1,4.0383615,0,56.386238,1
1,0,3.2589664,0,79.267456,1
1,1,3.3223135,0,57.832047,1
2,0,3.8771064,0,75.080643,1
1,0,3.0162706,0,72.113708,1
1,0,4.2626977,0,72.248718,1
1,1,2.4816756,0,52.99408,1
1,1,4.6663804,1,86.562073,1
1,1,3.0818477,0,63.998638,1
1,0,2.8473434,0,44.109486,1
1,1,3.4937015,0,57.747112,1
0,1,3.7413251,0,62.226955,1
1,1,4.0991302,0,67.462357,1
