cnom,cbin,ccon,xcon,ucon,y_t,y_d
4,0,-6.0018497,.13497336,84.118835,4.3894043,0
2,0,7.0542841,-.19644204,45.423492,1.5023193,0
3,1,-4.5518317,.61396432,64.475624,.59326172,0
2,0,2.43274,-.088843688,44.945866,5.1097412,0
2,0,11.268732,-.21300067,42.864666,2.6555176,0
1,0,3.6369026,-.19477305,49.25338,7.2039795,0
2,1,-6.0411716,.56289798,52.704956,2.9745016,1
2,0,6.9270649,-.5303914,44.500523,1.1959269,1
3,0,2.023993,.2442645,53.535343,3.066273,1
4,1,-13.007601,.74867815,67.778595,2.4951003,1
1,1,-5.4998298,.46286094,76.034554,2.9648438,0
2,0,-10.890132,.5296731,66.66848,2.6516528,1
4,1,-.61045855,1.0087361,61.63797,4.3715186,1
2,0,-.51363927,-.065035172,42.796795,3.3169756,1
3,1,1.4261428,.49710611,57.168758,1.0952568,1
4,0,-2.6920342,-.28423902,65.178162,2.2382689,1
1,0,-.78934658,.018506112,70.210938,.66418457,0
4,0,9.0689898,-.64548022,55.16946,1.2491909,1
3,0,4.0167065,-.0061049857,49.659237,11.31907,1
2,1,2.6022182,.46065956,43.176502,2.4144287,0
3,0,-2.2603276,.41280243,43.64056,11.124634,0
2,0,6.9116578,.019958155,30.158611,9.6132813,0
3,0,5.5885158,-.59414303,39.027901,7.5808105,0
2,0,1.1434678,-.5949918,55.303493,11.740112,0
4,0,-3.6274822,.32656747,38.418362,.96891052,1
4,0,-5.1166868,-.017051933,59.91584,2.3572998,0
1,0,-1.2238488,-.085934006,50.521194,4.4508057,0
3,0,-8.0501318,.34387526,63.85125,1.5196533,0
3,1,1.1931252,.097572528,59.809227,.21504477,1
4,0,-2.4459045,-.6166178,69.600372,7.9695783,1
4,1,-10.693215,.27723977,77.809166,1.5475582,1
3,0,7.6486263,.30039266,49.747398,7.4500899,1
1,0,3.9055591,-.20529351,53.026722,6.5944824,0
3,0,-4.4364133,.74208516,50.807865,1.1380615,0
1,0,4.0684648,-.42161065,64.90731,4.1774192,1
4,0,1.738487,-.23657332,43.557957,1.0408936,0
4,0,3.5979276,-.33729267,50.880825,4.1745605,0
3,0,2.1108928,.051804941,49.985699,2.619751,0
4,0,-3.2023067,.26679978,65.624855,1.8962196,1
4,0,5.7304082,-.20860815,57.000553,.6966964,1
2,1,.88765001,.23741549,59.181973,2.501507,1
1,1,-5.3126211,.80787963,51.179298,2.7471433,1
3,0,13.089857,.38924512,39.670559,5.2692342,1
4,0,-9.4402676,-.077423953,56.689487,2.058543,1
3,0,7.6014228,.56773907,54.207161,.60742188,0
3,0,3.0317545,.74369049,59.005096,11.947754,0
4,0,-4.8924456,-.12035855,60.112572,2.8345313,1
2,0,-2.0807762,-.5062117,60.854763,3.1112061,0
3,0,-2.4591193,.63220364,56.208748,2.9414063,0
3,0,8.34307,-.74170935,60.703484,5.3194518,1
4,0,-11.96841,.81951249,63.826385,.13584495,1
2,1,-10.390335,.70969838,53.345177,1.9576476,1
4,0,-5.4981194,.011677981,57.988068,6.2486291,1
1,0,-2.1473789,.20891336,58.696194,4.5854731,1
3,0,5.5152469,.32091442,36.050957,5.2386475,0
4,0,5.3757668,.35947707,57.183578,6.9578857,0
3,1,12.275386,-.37631443,46.940922,6.7701416,0
1,0,2.7749619,-.97881556,45.428516,4.0921621,1
2,0,-8.4682932,-.48039624,66.453758,.60061491,1
1,0,-4.4892616,-.13329521,61.4137,1.0300776,1
1,0,-6.1897044,.11749493,76.77166,1.9016703,1
1,0,7.8658223,-.12633429,32.575615,2.9282227,0
4,0,-1.2295885,-.96796304,49.551685,2.5839539,1
2,1,-3.1630831,.83723599,45.367912,3.3625803,1
1,0,-1.34086,.13680167,55.052448,3.9866376,1
4,0,5.5918756,.45110288,48.411709,11.585327,0
2,0,-.9591381,.55072165,29.575092,2.6147945,1
3,1,4.4303513,.9545427,29.430288,7.6307373,0
3,0,-2.3728275,.52718282,68.250046,3.7603445,1
2,0,-11.039731,.41325781,43.269665,2.1481934,0
3,0,-2.9809799,.75478739,55.028008,.29375863,1
1,0,3.0915582,.081850342,42.297626,4.9339576,1
2,0,-1.6954592,.086961105,54.899036,9.1587162,1
2,0,3.1842797,-.30016109,46.861378,3.0544238,1
2,0,4.6881204,-.39779297,53.650318,3.6589355,0
2,0,-.083861038,-.55618584,67.097046,.39831543,0
4,0,1.8325201,-.2875286,63.204346,1.6052246,0
3,0,-1.299371,-.26392451,52.494209,5.5943723,1
4,0,1.6060421,.66680008,54.349407,3.6280556,1
3,0,8.4095926,-.35580155,52.255272,6.3955231,1
1,0,-7.0523558,-.29801786,43.520588,1.2624512,0
2,0,-5.8646717,.38831657,55.235756,1.7726692,1
1,0,-13.021071,.45640117,46.686195,2.9887567,1
3,1,-7.6559896,.4788782,62.527153,5.8347545,1
4,0,-8.3192015,.50609756,69.605675,6.8681641,0
1,0,4.3753071,-.72400218,56.455769,4.2562461,1
3,0,11.225091,-.39378235,59.344021,.52697754,0
1,1,-8.3345871,.42114362,69.45179,.53122777,1
4,1,-13.076283,.54743052,81.175323,.9990862,1
3,0,-9.3810549,.69247365,54.570522,7.3928304,1
1,0,3.0304232,-.58497399,59.669815,9.6790771,0
3,0,1.4658002,.24103777,56.302578,2.6405029,0
2,0,3.4519196,-.082749709,48.273521,2.8692627,0
4,0,-.38255325,.83004206,54.499325,8.6411133,0
4,0,6.156857,.26885527,55.327724,5.8909931,1
3,0,5.0408964,-.45539409,57.767166,5.4595947,0
2,0,-2.7913544,-.19308682,54.489365,.24572754,0
4,0,-9.8630047,-.2339447,60.357239,1.3455849,1
1,0,-7.3336277,-.60220146,69.388573,2.6101503,1
4,0,-.18252786,.12416373,61.638344,2.1221924,0
1,1,4.8316307,.60553282,36.778584,.97973633,0
4,1,-5.2999191,.83422714,39.586437,2.0100942,1
4,0,.47102156,-.073555671,38.892429,6.1777344,0
3,0,-4.1175361,.11967475,55.209999,.63574219,0
1,1,-1.3553746,.23809977,50.34626,3.4885836,1
2,1,-4.7788305,.26432222,48.015446,1.1436471,1
2,0,-2.1858134,-.35547495,56.294918,.31933594,0
1,0,-.70525503,.44025782,43.763939,1.4335938,0
2,0,.20174488,-.55510342,36.83659,3.1275635,0
3,1,-3.0435166,1.3456507,43.802425,2.5497468,1
3,0,-.7637102,.077322543,46.158581,1.151606,1
1,0,7.3197107,-.64929819,53.715878,5.0070801,0
1,1,4.2177505,.29391092,58.050636,3.6344593,1
2,0,-8.4512091,-.48544428,56.507168,2.8511772,1
1,0,-2.005137,.084609896,65.683556,1.3208008,0
3,1,6.218955,.90012026,46.805248,2.1005228,1
2,0,4.2800369,-.47340557,62.159218,4.5615678,1
1,0,7.2945857,.17025827,53.097157,5.8989234,1
1,0,-6.2907739,-.29603207,69.0718,.75937128,1
3,0,-5.5368357,.24642751,64.89856,7.7035556,1
3,0,3.4017694,-.15049344,53.803631,6.3288574,0
4,0,-2.6725876,.38177282,53.483997,2.8651123,0
3,0,-6.0158944,.076633841,45.606728,2.7205811,0
1,1,-4.1334648,.77832979,59.668331,2.6854362,1
4,0,-12.773547,.2745069,64.486412,1.4743217,1
4,1,8.5116844,.37407383,44.402153,6.2142382,1
3,0,1.4735875,-.023376668,55.609097,2.4537845,1
4,0,4.5694075,-.079109035,48.431942,9.5016432,1
1,0,.036255781,-.81551355,67.189316,.32287598,0
3,0,3.0065622,-.52225178,44.064037,4.519022,1
2,0,10.186803,.046296079,51.646542,3.5369873,0
3,0,11.025493,-.39330012,34.778057,.0063476563,0
1,0,-2.2519026,.35138434,60.961552,1.7902762,1
2,0,-1.2278187,-.048511226,64.553795,2.5651393,1
3,0,14.253923,-.1999155,57.242172,6.7211003,1
1,0,-16.446363,.0892395,51.417973,.6274336,1
2,0,-13.266109,-.24233216,50.854404,9.6594238,0
3,1,-5.3160219,.90017408,51.058064,1.5643306,1
4,0,-10.333554,-.10431098,77.051033,1.6949463,0
2,0,9.3858633,-.49649611,46.023277,4.1499023,0
2,0,-3.0059738,-.019467734,48.528934,4.4174805,0
2,1,-7.6130314,1.063412,51.616657,.83550954,1
1,1,-9.8208122,.32766354,62.242908,1.0393066,0
4,0,6.906558,-.58532572,82.919182,4.7613525,0
1,0,-7.6317763,-.26384267,69.949768,3.5847707,1
3,1,-5.7299314,.20690767,37.971012,.41796875,0
4,0,8.6280317,-.28667271,40.19706,6.682251,0
3,0,-10.277818,.32037005,58.289921,.54382324,0
3,0,4.4036884,-.51156557,59.803883,7.925293,0
3,0,-20.923141,.82225555,45.183804,2.1374512,0
2,0,-7.9559102,.12543063,73.276642,3.2475586,0
3,0,.99669307,.12174991,50.238609,7.0272217,0
3,0,-9.5313501,.28578535,51.882969,4.1270752,0
3,0,5.1548839,-.16636626,33.807438,9.0322266,0
1,0,7.3648167,.28944698,71.784889,4.222168,0
2,0,-1.8041145,.18327492,43.411507,4.4329834,0
3,0,-5.7064996,.31990451,54.242687,3.7598882,1
2,0,6.6820068,-.95282978,76.007027,3.8278809,0
1,0,-1.7450583,-.54305619,66.752373,.32702637,0
4,0,3.5186815,-.16154103,50.109768,5.4689941,0
2,0,-4.029501,-.14307114,46.583977,7.5588379,0
2,1,-6.0759621,.67332429,32.992233,2.5314941,0
1,0,3.1423442,.017815815,49.601517,4.4071493,1
1,1,-15.214503,.61119682,57.017128,.92967904,1
4,0,3.0954638,.44962895,45.125587,2.6973903,1
4,1,-3.9510112,.97308236,35.116112,5.5545654,0
1,0,-6.0320983,.53350526,40.999252,4.4762635,1
4,0,-5.0190978,-.46251237,35.24548,5.7498779,0
1,0,-10.778205,-1.1571405,86.896698,4.8673096,0
4,0,6.9089446,-.60809243,69.065987,2.7608643,0
3,0,-3.9516044,.14415783,55.168613,2.5951731,1
4,0,6.6225209,-.44264942,49.884319,10.474731,0
4,0,8.522439,.090037547,56.026485,2.2955322,0
2,0,-6.2148061,.17817996,79.460518,9.3692627,0
1,0,8.3078165,-.51804668,52.694019,4.4538293,1
2,0,-7.831378,.56588799,61.498013,.36592227,1
2,0,-2.7449129,.0027779338,59.23819,2.3067627,0
1,0,4.9682236,-.32778439,49.856716,11.916382,0
2,1,-1.2586195,.33320093,55.529194,1.7005615,0
2,0,13.876562,-.42868811,43.716316,7.1328125,0
4,0,10.005632,-.38737535,58.393475,3.4888916,0
2,0,6.895998,-.07171341,59.020802,4.7332764,0
4,0,-1.6059806,-.15627472,39.592384,.74890298,1
1,0,-7.5959706,.090391301,63.773098,2.9091797,0
2,0,-8.289629,-.47170946,74.535339,9.7031126,1
3,0,-6.745851,.09388224,74.883141,1.8120117,0
4,0,-18.242935,.15079892,55.157219,.64050293,0
1,0,-.80944932,.1356639,73.126289,5.9731445,0
4,1,3.1420825,.30476591,33.763287,3.1904297,0
3,1,-3.0089004,.66870123,56.649761,5.8659992,1
3,0,4.9985924,-.68157101,57.461369,3.7596436,0
4,0,-8.4240932,-.55750161,58.352921,2.965332,0
3,0,11.682694,-.027269291,27.963362,5.9002995,1
3,1,-3.0730059,1.1810092,34.833168,5.5953369,0
2,0,6.9776998,.17752428,47.511162,7.6733775,1
3,0,-9.9667053,.23585451,49.35817,4.6994629,0
4,0,5.8502936,-.058960553,56.14011,1.8079031,1
4,0,1.2074971,.20360133,44.255383,1.322998,0
2,0,5.5595384,.42525259,25.926888,.25280762,0
4,1,-3.4153233,.71726358,58.684395,.96703535,1
4,0,2.6879814,-.55524462,57.01432,1.4018555,0
4,0,9.0537558,-.15249813,56.739563,1.8100586,0
4,0,-3.3790622,-.41779503,62.283546,6.6380615,0
3,0,3.3040795,-.20461367,45.853287,5.6842699,1
2,0,-8.5350943,.19576366,48.696907,2.6755371,0
3,0,.12511572,.45319918,48.721893,10.939575,0
1,0,.68018883,-.23060219,71.219849,5.0908384,1
3,0,6.7026334,.073467597,57.55302,8.607666,0
4,0,5.7136536,-.16074829,69.790947,3.4209204,1
3,0,-7.381587,.21762243,42.748741,.91687012,0
4,0,5.0991459,-.50199974,84.740433,1.2915039,0
2,1,8.461586,.03326508,49.21619,2.3106689,0
2,0,4.4188495,-.28839523,40.041084,3.2963395,1
1,0,4.5118237,-.22943196,52,6.3328948,1
3,0,-6.2235675,.10573597,40.79752,6.4644384,1
2,0,3.1211205,-.60436094,72.528976,.1763916,0
2,1,-5.0436559,-.1057018,61.244038,6.2034783,1
3,1,1.9018703,.38061929,50.453621,1.0646973,0
3,0,14.83436,-.73377275,42.166954,2.1818328,1
2,0,-6.2425942,-.46734601,65.554726,1.3999467,1
4,0,6.3534751,-.20157903,49.364037,2.2408824,1
4,1,-1.4274973,.42047155,27.87973,1.1202393,0
3,0,2.7158527,-.12436358,65.34893,7.0067019,1
1,0,-5.1225734,.14558738,56.452831,3.7512724,1
4,0,3.5637305,-.031860195,47.558548,8.3609619,0
1,0,6.6419582,.34339684,40.644794,6.4929199,0
1,1,-1.7405918,.55967802,57.147758,1.1527517,1
4,0,-13.085591,.33646846,61.41552,1.8532715,0
4,0,-2.3027937,.045674022,54.543472,.61689132,1
2,0,6.3300481,-.098327331,49.427242,2.8328857,0
4,1,2.388694,.68865573,73.030876,3.8959961,0
4,0,1.6581018,.011451846,61.229176,1.9281006,0
1,1,-7.1842055,.82542151,50.859375,1.2592872,1
3,1,11.865009,.31180957,50.171509,.5880127,0
3,0,-3.9291439,-.30934697,44.011532,8.4379625,1
4,0,3.2792802,.22642857,47.983307,7.8086772,1
2,0,2.5461581,-.61216074,41.994823,.86679757,1
1,0,.96709388,-.1170359,47.550282,2.2194824,0
4,1,1.7591699,.32343915,55.576698,2.4163132,1
4,0,-11.536344,.3397451,63.459641,9.5826416,0
2,0,9.0790186,-.28925145,59.213795,7.7493896,0
2,1,-.63901365,-.10491358,59.454376,6.638916,0
1,0,-1.6652216,.056621477,51.905861,1.1605225,0
1,0,-8.0564976,-.16235529,74.558846,2.363162,1
3,0,-4.4708509,.12780978,61.077747,3.6638319,1
1,1,.29281458,-.17829549,63.063614,5.5277491,1
3,0,-10.588919,.41447812,46.59058,4.2871094,0
4,1,-2.4114501,.50662303,65.887024,2.3988426,1
3,0,-4.1358891,.076327793,45.513401,5.0449743,1
3,0,-.38686609,.049637001,35.092377,.32250977,0
3,0,-1.850232,.40660551,66.18557,6.6333008,0
1,1,-.1342949,.62246525,60.183578,3.58372,1
4,0,2.9005516,-.42534715,46.681374,7.2453938,1
3,0,3.8596132,-.058091287,40.965382,6.1622314,0
3,0,-8.5465927,.70022023,62.094479,2.7068853,1
3,0,-4.7741809,.45944467,50.829506,2.6680956,1
3,0,-4.3965664,.41443241,72.924576,3.61882,1
4,0,-.7691313,.90856516,45.712864,6.8703613,0
4,1,2.3963611,.76146007,29.548841,2.2943115,0
4,0,-8.6452494,.086247221,69.870247,1.8383789,0
4,0,3.0684288,-.49173677,56.7341,3.4117432,0
3,0,-7.7719774,.22490147,56.989204,3.4347377,1
4,0,6.1472225,-.85036409,72.526634,3.92137,1
3,0,.34755939,-.28519803,46.541039,.60641533,1
3,0,-3.9266088,-.28631812,60.000477,.28320313,0
2,0,2.498158,-.39362666,44.770088,11.99707,0
1,0,.8288998,-.39485648,66.088448,6.748559,1
3,0,-2.2232561,.36775044,63.843933,3.3454239,1
1,0,-8.5543909,-.04660812,61.092239,2.4310565,1
1,0,-5.4206791,-.21018904,74.724846,4.3348517,1
2,0,4.1461544,.26857123,50.187187,11.252563,0
3,0,2.535116,-.23202999,48.140362,5.8332453,1
1,1,.33804455,-.10691597,56.26947,7.0351701,1
4,0,-5.4389195,.060646456,58.700157,5.4769454,1
3,0,-1.2637687,.3709856,44.16188,7.2474365,0
1,0,7.6897411,.35528591,42.487606,4.5081787,0
1,1,2.3107009,-.39376226,52.187561,2.0060539,1
4,0,10.794312,-.67139316,59.416046,9.9245605,0
1,0,15.333736,-.11375304,57.390659,5.1254759,1
3,1,13.692397,.27623999,34.137539,2.0540771,0
1,0,-4.9562063,-.56141049,63.643826,2.7484131,0
2,0,2.4808054,-.41521713,54.531307,3.4908447,0
1,1,3.0223625,-.22122559,50.897999,5.2088852,1
1,1,-1.0579152,.10881364,58.341309,.50756836,0
1,0,-5.2394066,-.46669722,56.136505,5.927012,1
4,1,7.6156387,1.1017966,33.302055,5.3000002,1
3,0,4.0136733,.1449905,56.594296,7.4313965,0
1,0,-.39853388,.19459917,67.055809,3.8702393,0
3,0,-.7311644,.92057812,44.464787,3.0093994,0
2,0,-3.1013,.54750991,39.640511,5.6595459,0
3,0,4.4602184,.56124741,58.683651,5.5959473,0
3,0,-8.3882933,.16493937,64.532265,3.3650434,1
3,1,7.9451141,-.47570446,54.152164,1.2677448,1
4,0,12.472984,-.51560974,42.328213,5.1201615,1
3,0,-10.268635,.088991724,44.441658,1.5806526,1
3,0,-1.2450274,-.098029971,63.458485,11.153076,0
1,1,10.549692,.62435985,46.430363,1.9097385,1
3,1,2.4365954,.37270033,48.147778,3.3569336,0
1,0,10.684999,-.33435416,63.897587,.94977915,1
4,0,-1.6075619,.24337621,54.931717,.5870496,1
2,0,5.5740747,-.73127121,51.917736,4.4169307,1
2,0,11.445408,-.25762916,54.962933,5.9477682,1
1,0,-4.2645521,.41591215,64.752953,5.5957403,1
2,0,-7.41326,.31969541,59.494076,.94569266,1
4,0,-3.9429979,-.3920365,48.069412,6.1551843,1
2,1,2.6458549,.70362157,56.249313,1.4449463,0
3,0,-6.2080135,-.86644936,66.761414,3.2860107,0
4,0,1.1492684,.62346524,49.618832,2.1694336,0
1,0,4.2571478,-.61611831,61.68111,7.0445557,0
2,0,-.90003145,.67561233,59.609112,6.831665,0
2,0,-.47787571,.3105087,42.412918,2.7100067,1
4,0,1.747689,.34162784,56.440643,2.1734619,0
4,0,-.13151433,.30716905,57.795326,5.9006033,1
2,0,1.3729095,.67467034,58.75811,5.425293,0
2,0,-6.9333234,.10130184,47.525299,3.7662354,0
4,0,-1.172534,-.19796339,49.954983,3.2145722,1
4,0,1.7593738,.21660116,65.520439,6.4935288,1
3,1,6.7570744,.1995735,59.921696,.64607686,1
3,0,13.399979,-.78048849,70.517593,1.9776888,1
2,0,7.1026382,-.39660096,45.573982,1.7669678,0
3,0,2.0560753,.31437048,60.105957,4.3911028,1
1,0,.0095266933,-.84452808,39.871338,6.399292,0
1,0,.12496088,-.71482229,59.075424,2.2154541,0
4,0,-5.3306355,-.22655986,48.499504,3.0018311,0
2,0,-7.192934,-.19428043,53.42157,1.12854,0
2,0,-5.2829967,-.21534571,70.606766,.72998047,0
3,0,3.7281706,.25742665,59.21217,2.5989218,1
4,0,-5.6275353,.033574071,64.775307,.078909941,1
3,0,1.8656908,.40935436,56.004436,3.3289795,0
3,0,7.6048446,.18466656,51.603718,4.4447021,0
1,1,4.7937632,-.055516705,38.778027,1.3444679,1
3,0,-.23660326,-.85534513,62.505493,4.6552262,1
1,0,6.8863277,-.34553406,59.812614,9.3071289,0
1,1,-4.3528171,.6550256,46.36528,6.1322551,1
4,0,4.044908,.41560888,27.642088,5.6607666,0
3,0,-7.4099064,.455982,48.888016,2.1447754,0
3,0,-4.4913578,.081318565,47.558437,.44934082,0
3,0,.2737017,.16661783,50.95713,.64819467,1
2,0,-.62290907,-.81882423,65.378143,2.3168945,0
4,0,5.8030424,-.36303133,48.741501,3.3378906,0
3,0,-4.304913,.11730132,45.279144,2.009824,1
3,0,2.8353441,-.27538478,62.103798,1.1536248,1
1,0,-12.652561,-.031723127,71.496384,7.890995,1
4,0,6.7739096,.41371086,56.298428,7.4056907,1
1,0,-2.9613175,-.62621385,40.903355,8.2467041,0
4,0,2.8682163,-.27165288,65.937004,1.7262532,1
2,0,-5.134006,-.68581468,50.122864,4.2844238,0
4,1,-11.502432,-.32171631,65.274498,.62365723,0
4,0,-6.9387732,.14147815,56.333202,.86981505,1
1,0,17.86853,-.56614554,58.701778,4.9216452,1
3,0,4.0341411,.27837729,42.902122,11.072266,0
2,0,-.083670743,-.098778136,62.043591,1.4012451,0
2,1,-5.550436,1.5622358,51.935265,3.8873827,1
1,0,-.56081867,-.20874326,59.845093,4.0222974,1
4,0,1.654844,.13873307,40.366283,3.1208496,0
3,0,3.6625543,.33427846,58.962692,4.5328369,0
3,1,.55513471,.72125393,57.974285,6.883193,1
3,0,13.660292,.48453155,53.218441,4.0080566,0
4,0,10.70219,-.15916745,54.170059,.91357422,0
1,0,5.8974695,-.29736659,40.63208,5.9632568,0
4,0,.50206745,-.23055163,51.247578,4.4947448,1
2,0,1.9573367,.15520714,32.353992,5.7348418,1
3,0,-8.6838551,-.11820512,70.650764,3.8123779,0
2,0,-14.007942,.13617241,64.970818,2.1282959,0
3,0,3.2378831,.42315081,33.518402,3.3208008,0
4,0,6.4088621,.33575651,50.794624,.42810059,0
4,0,13.317169,.49712926,59.900425,10.035551,1
4,0,-4.2391605,.17738205,55.514603,.2280582,1
4,0,4.549706,-.42476976,55.09726,1.8111937,1
2,0,1.3553513,-.21803467,59.526073,7.1813512,1
3,0,-1.4641213,.26692691,38.320278,1.6707764,0
4,1,10.703798,.59125453,47.521603,.66137695,0
1,1,5.3707476,.15530796,47.738018,.61548853,1
1,0,-6.0212278,.16513227,64.844093,7.8192172,1
2,0,-5.9778686,.33707091,43.278015,3.5219727,0
3,0,-5.9126062,-.58632541,65.629189,4.5675869,1
2,0,.78446954,.080708839,57.83284,1.3964651,1
2,1,-1.5687237,.99733764,57.91848,3.6601164,1
4,1,-6.9117117,.73652917,63.764698,1.9286203,1
2,0,-10.141063,.074413694,43.228123,6.9769077,1
1,0,-8.6653652,-.13463415,48.356194,4.0109901,1
2,0,4.6101155,-.19754738,62.882587,6.4465861,1
3,0,9.0715141,-.45862779,43.409729,8.0875244,0
2,0,3.8559651,.39055848,41.552795,8.3829727,1
1,0,8.518714,-.028719392,52.80547,6.00354,0
2,0,-12.902527,.33305973,67.694557,.24304199,0
4,0,9.0608091,-.26487613,68.845718,.70678711,0
3,0,2.2604301,.26893383,44.904594,.703125,0
2,0,6.2977533,-.95446032,49.436275,4.3867188,0
2,0,-.68740129,-.20149113,62.117638,1.3326416,0
1,0,-9.8004475,.12510757,45.249416,2.5452881,0
4,0,-2.2494271,.67074436,52.44006,4.9448104,1
4,0,-22.852692,.25517824,61.222198,1.2401123,0
4,0,4.6746764,.27253309,46.929771,3.817627,0
1,0,-2.5764034,-.3166647,51.210232,3.7041016,0
4,0,2.9027383,.34570491,44.288914,3.7307606,1
2,1,-.35981151,-.59313685,65.42411,3.3045654,0
3,0,9.0851955,.31645644,45.248695,2.3966064,0
4,1,2.9235783,.15972532,57.851269,2.7114999,1
2,1,-9.2397547,1.2031947,46.389214,1.4117409,1
4,1,-1.3367486,1.2350889,49.583725,5.1679997,1
4,0,5.9381771,-.0094913961,48.906025,1.1184082,0
4,0,-1.5557753,-.011071244,53.075386,9.0897226,1
4,1,1.9849362,.36067006,55.630264,5.118926,1
3,0,-.6625545,.56754726,51.042839,4.8695464,1
3,0,-8.2291508,.39061609,67.953445,2.87833,1
2,0,1.1174213,-.52827913,57.71307,3.4393506,1
4,0,-1.0867819,.12556046,50.620811,4.3725586,0
3,1,4.6696982,.18224204,50.365032,2.9968739,1
3,1,1.1963952,.54499674,45.798943,3.0475333,1
1,1,-2.1726456,.43593931,47.496323,9.0825195,0
3,0,10.442364,-.39934126,42.309982,9.3253174,0
3,0,.93312752,-.064263612,62.095417,3.1828613,0
2,0,5.6199989,-.5376991,56.542198,1.3337402,0
3,0,-6.4064827,.32808861,65.127464,4.3793945,0
3,0,-7.2736888,-.32138661,65.20742,.9931795,1
1,0,3.1249599,-.27804935,60.086327,1.8881693,1
2,1,3.1177812,.5511961,35.286453,1.5263859,1
4,0,3.5639033,.028568132,48.601185,.61303711,0
4,0,-1.5212337,-.18580613,52.861053,1.1784668,0
2,0,-7.6815434,.089570977,58.945183,3.9050581,1
4,0,3.4870284,-.78894192,76.959633,1.4956418,1
2,0,4.5889668,.16135837,36.681747,1.9007568,0
2,0,2.5807803,-.67041743,49.989437,5.5273438,0
1,1,-5.2895947,.10321815,71.455696,.60705566,0
1,0,-4.9937272,.19142343,50.37962,3.5332198,1
4,0,12.192956,-.44699997,54.185894,6.3380127,0
4,1,4.7708316,.15281385,47.800854,4.1547852,0
4,1,6.069787,-.4177151,53.636997,.66939342,1
1,0,.050842784,-.7033208,51.096325,5.8591309,0
2,0,7.6450329,.1017499,42.96603,2.4259672,1
2,1,-.98298824,.25211275,60.11129,3.0664063,0
2,0,1.5163469,.13108023,73.43782,3.6154785,0
1,0,-3.2030716,.0091856932,55.583729,1.1104736,0
2,0,13.788136,.22614558,43.377201,.20678711,0
4,0,-1.8974764,-.041981794,50.072941,3.9227295,0
4,1,5.8843956,.35743371,52.967403,5.0037842,0
3,1,-.49734682,-.084622987,56.517666,1.3076344,1
3,0,.29779702,.36504644,66.7285,1.2161865,0
2,0,-8.8005152,.052366983,64.362381,2.2694092,0
2,0,-12.08357,-.63758183,66.200226,5.3740325,1
3,0,-2.8232548,.40318784,54.724724,8.8818407,1
2,1,2.4736438,.63379383,48.370968,.34275889,1
1,1,-8.5398445,.093423039,44.727036,4.3804369,1
4,0,-.81071693,.62509608,63.448391,.7712304,1
2,1,-7.3750029,.24990596,51.000507,1.642334,0
4,0,4.5270815,.081395589,52.021881,3.5116694,1
2,1,5.4144206,.53450465,55.107693,5.6870656,1
2,0,3.7153611,.29721799,46.872929,1.5543677,1
1,0,.30996695,.27816346,48.579708,1.1383057,0
1,0,-3.5557029,-.59690303,65.587662,1.6375732,0
4,0,8.0446692,.35040757,52.305134,1.8746338,0
1,0,6.8162007,-.1292446,51.028965,7.2932334,1
4,0,-3.3796935,-.47182325,81.632332,.37597656,0
2,0,7.7526145,-.59253579,54.498619,3.4377458,1
1,0,-1.600383,.2559787,61.173569,.6373291,0
3,0,-3.8520877,-.16802722,59.366901,5.8438363,1
2,0,-.63683712,.46517682,47.316036,3.5170898,0
1,0,.39184517,-.057291549,44.678558,9.6258545,0
4,0,-8.6227083,.17681013,57.077457,4.6750836,1
4,0,-1.5386227,-.064132325,56.186108,3.5552979,0
1,0,1.2615602,-.29051375,64.092377,9.4747314,0
3,0,6.6718993,-.18332823,41.125233,9.6044922,0
3,0,-9.2149448,.52662456,48.439663,2.7246027,1
2,0,-.61305505,.18970582,57.926468,8.2590332,0
2,0,-2.3104765,-.36383539,63.436687,2.4221985,1
4,0,4.6805778,-.20874253,49.480862,11.95166,0
1,1,5.1356096,-.023767952,59.455059,.59113067,1
2,0,-.13898075,.27717555,38.72348,2.253706,1
1,0,1.5457591,.22974238,71.576988,4.3114338,1
2,0,6.2206979,.16783522,48.840038,3.0664063,0
3,0,-7.9813013,-.13195625,47.23584,4.1743164,0
2,0,3.6154604,-.28365692,53.338356,6.5858154,0
1,1,3.2527268,.56968933,46.593166,3.2385254,0
2,0,1.385494,-.29931989,44.749485,6.3754349,1
3,0,4.499845,.041157678,41.648895,3.6098411,1
4,0,8.3607388,-.14879386,30.013157,1.6300049,0
2,1,-12.678226,.80952024,50.769585,5.6086426,0
1,1,2.646317,.30448502,59.924179,4.4528809,0
4,0,-2.1562541,.19921914,47.918171,1.3071735,1
1,0,1.146017,-.44971493,30.205767,2.7929688,0
4,0,17.382566,.081542388,53.835888,6.4421387,0
4,0,-.71723348,-.25359663,45.536583,1.5088645,1
4,0,3.3540382,.033744339,54.99337,5.1820154,1
3,0,1.4476496,-.01953245,61.934834,3.5021973,0
4,0,4.375298,-.27567154,57.211082,3.7198398,1
3,0,-5.5439997,.50773114,51.65081,1.8735274,1
2,1,-9.0838861,.85471576,42.69418,11.941162,0
2,0,-3.4615016,-.79847455,63.140606,10.718994,0
1,0,-1.2979555,-.12637058,61.831085,3.2954772,1
2,0,2.1613228,-.63726592,53.165451,5.9597378,1
1,1,-12.022972,.51678956,51.123734,2.5703125,0
1,1,6.8223896,-.4130691,43.163109,1.4059596,1
3,0,2.7242405,.38949597,43.793266,3.095459,0
4,0,-1.6694552,.38914943,65.958511,2.7384188,1
3,0,-.98341203,.23852895,64.248932,7.4846444,1
2,0,-5.76579,.14439248,56.128902,4.165154,1
1,0,2.8259106,-.25119278,68.832275,5.3406768,1
1,0,5.9713569,-.6318019,66.095642,4.4594011,1
4,0,3.7699134,-.20946597,53.873245,9.5036621,0
4,0,.54763621,-.31817913,59.34713,3.6953597,1
3,1,1.422033,-.25142556,56.607231,10.667736,1
3,0,4.9479079,-.083808236,71.827667,8.1795654,0
3,0,-9.7017059,.4545908,62.980301,.34118652,0
1,1,3.9928973,.41429493,53.037212,5.1213694,1
1,0,1.2765504,-.52196288,58.645676,5.3306918,1
4,0,1.7481768,-.94439375,44.87392,7.2915297,1
3,0,-6.9613423,-.1232444,57.525246,4.1169434,0
3,0,-8.8822784,-.28647029,66.663788,6.4244385,0
4,0,-7.1965866,.024191666,61.001404,8.3543701,0
1,1,.15040353,.10084931,45.436024,1.5050533,1
1,0,2.8233988,-.13468491,61.249748,4.2809973,1
4,0,-.40555286,.49079284,60.222519,2.1224389,1
2,0,-1.0216835,.17300259,61.089592,2.6977873,1
3,0,-7.1862941,.43801296,73.274879,7.6348863,1
2,0,-13.174787,-.34692559,51.215202,6.9683838,0
1,0,-2.0391297,-.19673637,72.206779,.89238775,1
2,1,-5.8753958,.45937052,50.228195,6.4504638,1
3,0,-.24262758,-.34040037,60.187714,1.6586914,0
3,0,3.2224579,-.13449183,55.523232,1.3438721,0
3,0,-3.2417998,-.30952218,58.093647,4.4359131,0
4,0,8.151062,-.67720348,48.873642,3.7746036,1
4,0,-13.076459,.073345661,55.557644,1.4793701,0
2,0,4.9150047,.63486391,55.07056,1.7667787,1
3,1,5.9286242,.81536138,41.073025,10.064331,0
2,0,-2.6334314,.66187823,35.578724,5.1794434,0
2,0,-9.7728252,.11616036,56.562515,6.1140995,1
4,0,6.8126078,-.43869504,54.045395,5.2081299,0
1,0,2.4816797,-.12390997,53.042202,6.5529785,0
4,0,-3.5247521,-.50509334,52.100441,1.7759941,1
3,0,-.6995008,.15768464,61.864048,2.7869873,0
3,0,.78947699,.66394067,30.19838,5.2572021,0
4,0,.30959204,-.12700716,51.070557,11.305054,0
3,0,8.4133835,.41306722,66.448524,1.722168,0
4,0,2.8292232,-.77143049,83.843575,2.2227128,1
4,0,-4.4289041,-.13756345,58.413586,4.7029486,1
3,0,2.961292,-.26483816,53.252964,2.8054037,1
4,0,4.3204775,.12848216,45.916241,6.2803955,0
1,0,1.6166769,-.2070788,76.12561,.16025381,1
2,1,9.9728661,.59365284,30.598,2.4876764,1
3,0,-2.3613737,.43251315,38.661507,7.1190186,0
4,0,.099242106,-.030696401,69.650719,3.0756836,0
1,1,8.1148701,.0030293805,56.837173,1.0842285,0
3,0,-.23023333,-.11778166,37.7052,11.606323,0
3,1,-2.0793059,.25761527,50.914082,6.4499512,0
4,0,.096440487,-.46879095,52.776562,7.9898682,0
4,0,6.840569,-.50631332,55.616989,1.3310204,1
2,1,10.477913,.22820894,41.973076,2.5231738,1
2,0,-1.6881291,.41153553,59.316689,.4643887,1
2,0,3.3666282,-.28527638,64.876762,4.1920247,1
1,1,-2.8698521,-.12043392,63.469433,.80540252,1
2,0,-1.0343766,-.34336558,54.737602,2.2201838,1
1,1,.21912745,.087332539,52.004051,2.4161377,0
4,0,1.6204593,-.63160408,59.529549,3.393188,1
2,0,-3.3071518,.44686255,49.4771,.30114746,0
3,0,8.8964653,-.38038173,45.300919,11.776733,0
3,0,6.2601166,-.1752184,55.221149,.047119141,0
2,0,6.9618554,.30639046,65.02932,.50183105,0
1,0,-6.0422082,-.77473944,56.802399,6.9088845,1
1,1,5.2218366,1.2395233,53.389797,3.767415,1
2,0,1.9974477,.30245757,27.813856,8.3134766,0
4,0,9.0008392,-.55763149,50.70372,4.7023811,1
4,0,1.275014,.50990891,42.748501,11.940523,1
2,1,.24773592,.12388246,52.191326,1.7028575,1
3,0,8.5477047,-.65852773,49.621235,2.5490608,1
1,0,-6.3804698,-.35824358,66.364494,3.1367188,0
3,1,-7.3965893,-.14096421,59.501537,.69420826,1
2,0,9.9460468,.47829497,30.046473,10.285889,0
4,0,-.5369426,-.24484907,63.663933,4.493042,0
3,0,-2.1520522,-.37481722,36.401539,1.4637451,0
3,0,3.2744331,-.19673617,58.469383,3.7308688,1
1,1,-5.9291339,.60733175,54.041126,7.6763916,0
4,0,4.3233881,-.36094457,63.001274,.28747559,0
4,0,7.9124966,-.36281544,49.250675,6.7471924,0
3,1,1.0192125,-.35449597,65.625305,6.2479191,1
1,0,-.017181596,-.49732751,90.425827,.21508789,0
1,1,2.4400253,.89887494,44.432896,1.0264893,0
3,0,3.7431543,-.36687797,41.502483,5.081665,0
3,1,1.737516,1.0943878,62.467148,1.7929875,1
1,0,2.9673715,.012584423,58.088722,5.408597,1
1,0,3.0430572,.50880599,39.60611,7.5933332,1
3,1,-1.5395229,.30968037,65.863152,3.8072276,1
2,0,-5.0014815,.083874643,65.024422,4.0920439,1
3,0,-2.9575038,.045943938,43.144337,2.425293,0
3,0,-4.0601587,-1.2680531,55.316082,4.9628906,0
1,1,.70790946,.15099642,45.84763,3.5983887,0
4,0,-4.5065584,-.3401542,55.624546,1.0545654,0
3,0,-3.9223146,-.41586888,54.217716,1.7503083,1
4,0,8.6436777,-.51447666,57.019127,3.8703613,0
2,0,-12.426652,-.39904243,67.618759,4.4315777,1
4,0,-9.8622227,.11991776,66.867073,3.7543204,1
4,0,5.9452915,-.58430517,59.579449,2.8723145,0
4,0,-4.1576762,-.44437543,49.98558,4.6215463,1
2,0,.97025001,.59341127,47.349998,10.071655,0
2,1,-6.1201706,-.19476563,49.579197,5.2546887,1
2,0,6.8714066,-.20885573,53.107613,6.2906494,0
3,1,2.8214321,.45290452,41.858109,1.8540305,1
1,0,-5.9889197,.23387599,46.313435,3.8402472,1
3,0,-4.396996,-.24461187,65.496033,2.0876179,1
1,0,.68820995,.1929584,46.162754,2.571167,0
1,1,5.2593136,.38969809,31.182293,5.4294434,0
2,0,6.7788653,.273348,34.577766,8.6246338,0
4,0,-3.3819029,-.70413429,77.194733,2.4884279,1
3,1,2.7994387,.13611989,44.760414,1.0196533,0
3,1,2.9245765,1.1833464,57.583298,1.8491211,0
4,1,-.41625592,.12795842,24.8946,.17077637,0
2,0,4.6022654,.27030829,52.494995,4.765625,0
2,1,4.9339137,.72755885,28.422806,8.2250977,0
4,0,-2.6196349,-.18553691,72.589546,3.0257568,0
1,0,-2.9493551,.28647229,65.968452,8.1719971,0
4,0,5.1512089,.36220083,60.98951,.17065601,1
1,0,14.313496,-.97255236,59.193401,3.6181109,1
2,1,-7.2205601,.50056207,57.050655,1.5683594,0
3,0,-4.6727591,.57802951,61.8139,1.5326834,1
4,0,11.74238,-.63048065,43.82695,6.1630859,0
2,0,.77030456,-.07628686,45.210316,9.8071289,0
2,0,-4.5284271,.21888812,63.516098,6.2898202,1
2,0,-3.6258609,.21288155,46.968239,.40600586,0
4,0,9.2897911,-.57402539,60.680134,1.5943604,0
1,0,9.3916473,-.14653225,28.656414,3.0164576,1
1,0,3.2629106,-.63427985,72.646812,.63566333,1
2,0,-3.7294834,.039815925,51.474609,8.0866508,1
1,0,-.23909517,-.03797878,35.699902,9.6679516,1
4,0,5.0538063,-.028148696,64.728035,5.9024496,1
1,0,-.30413753,-.21986528,51.946087,.43115234,0
1,0,-3.7001185,-.304232,50.653877,8.1800537,0
4,0,-.099003144,-.51158589,51.472046,1.0458932,1
4,1,8.4454155,.85359704,39.154022,3.9388304,1
1,0,2.2131927,.42041209,54.174191,3.8208008,0
2,1,2.1077588,.21607015,59.272411,.94665527,0
3,1,-4.1243281,.77630925,39.002819,1.6236572,0
4,0,2.2643197,.024587143,56.238102,.3727738,1
3,0,1.1896937,.19568121,55.530167,9.0454102,0
2,0,-1.3801,-.42245066,67.957947,.33219069,1
1,1,8.3296928,-.065756358,59.479748,4.4373779,0
2,0,3.9325681,-.23958354,60.93306,10.32605,0
1,0,2.3215299,-.33550307,68.338425,3.605849,1
4,0,7.7277565,-.33696216,65.862892,6.1442871,0
2,1,-4.1169767,.15921371,57.185062,4.7518311,0
2,0,-6.2403502,.6093424,60.695766,8.8724365,0
2,0,6.0346723,.045926068,51.691956,4.6103516,0
3,0,2.3533297,-.0093605407,55.870361,7.3085938,0
2,0,.40304765,-.36808273,55.108788,6.2100534,1
1,0,-.91827083,.59177333,64.473946,3.3172381,1
2,0,5.0100527,-.61643368,68.208862,4.2029862,1
1,0,-3.09921,-.21176873,74.56044,2.2436523,0
3,0,-.83798748,.41664517,44.73103,.82739258,0
1,0,-.091629006,-.21965872,55.274799,.56091309,0
4,1,-.087186575,.16172776,47.790497,3.5511808,1
4,0,14.452521,-.65882969,58.547234,7.4226074,0
2,1,-1.729964,.55336481,59.892818,1.6151384,1
1,1,4.9446416,.78789902,50.424026,8.2866211,0
4,0,-.42986023,-.1464687,46.220062,9.56604,0
2,0,-2.4421232,-.21003251,56.787605,9.4429932,0
4,1,4.5983539,.21107808,55.942074,5.0520549,1
1,0,4.6526022,-.42849401,52.678356,3.9661539,1
4,0,-2.2882078,-.66204655,53.86618,.063964844,0
2,0,8.9544506,.20724644,49.677914,3.3481445,0
4,0,7.2401476,-.30511445,50.118362,2.9471436,0
1,0,2.7908349,-.58398491,57.494469,5.3292236,0
4,0,8.6455793,-.20643166,32.458572,6.5366211,0
3,0,2.5196528,-.18335049,65.928864,1.2378234,1
1,0,.22543623,-.39286155,50.896507,8.0643311,0
1,0,4.0650902,-.13884388,56.295921,3.2231913,1
2,0,3.1179633,-.96324271,46.236843,9.5181885,0
3,0,12.882142,-.35584244,49.354748,3.5003605,1
4,0,-8.6041079,-.24190082,61.412903,3.8041992,0
3,0,3.5179908,-.30170035,61.466061,5.885376,0
4,0,-.73888659,-.0045556291,59.346073,1.3277714,1
2,0,-3.7227194,.092616707,54.970524,5.5517073,1
2,0,-5.9728665,.20199692,58.842628,4.3417006,1
2,0,-13.623816,-.1087089,61.835796,2.229409,1
3,0,.52331328,.15659361,60.859676,9.5095215,0
4,0,-13.129305,.0089017544,58.758503,.3996056,1
4,0,2.4546287,.065570451,61.74054,6.4941406,0
2,0,1.0366033,.323385,46.844543,1.355835,0
3,0,-1.2430295,-.237517,43.927567,8.963623,0
3,0,.87529027,.032826927,47.780807,5.8471203,1
4,0,1.3764071,-.77042729,45.891361,10.855591,0
3,0,-4.6316948,.36378068,50.202919,1.1540527,0
4,0,-5.4910169,-.28312945,51.682068,2.3046875,1
2,1,-1.0665585,.53579539,54.272194,6.7738037,0
4,0,2.3371418,.2704713,44.875042,4.3995361,0
1,0,8.5737896,-.93195862,61.842609,5.1384277,0
1,0,-.79632837,-.3647162,64.701714,3.0748291,0
4,0,-9.7945786,.37714857,56.172947,3.6852014,1
1,0,13.525604,-.2384686,56.734348,7.4850388,1
2,0,2.8628526,-.10088835,68.203209,.29528809,0
2,0,-5.1299043,.03890533,47.093151,8.0097656,0
1,0,5.7267151,.025091331,27.858452,8.2623291,0
4,0,-4.4192014,.48703945,60.374908,1.9044544,1
2,1,-4.2848749,.094476596,49.282318,8.5285645,0
4,0,1.5481024,-.66227591,74.409058,.32861328,0
2,1,6.0479579,.55805039,28.246714,4.8525391,0
4,0,4.2531404,-.55286247,49.888527,6.3286586,1
2,0,4.4410553,-.4004384,69.086884,3.6662598,0
2,0,-1.8688698,-.025254892,46.965618,1.9157224,1
1,0,1.0189402,-.089437,20.758934,2.3192139,0
2,0,2.0403669,-.26369286,61.599754,10.977173,0
3,0,-10.87476,.44908646,46.941303,1.4440886,1
2,0,-4.5128527,-.13830577,61.020077,8.7751465,0
2,0,-1.2415659,-.26627257,51.78252,11.268677,0
2,0,16.51692,-.35791105,47.660568,1.49646,0
3,0,-1.3201902,-.26655737,39.41544,5.5327148,0
3,0,-4.4678802,-.0075807762,66.840317,1.2144079,1
4,1,-5.1035075,1.395494,46.666538,.62972128,1
1,1,4.504221,-.25849774,74.029236,1.8932368,1
1,0,-3.4827616,.068668284,62.710735,3.2727051,0
2,1,-7.316638,.83105034,45.656048,6.9105225,0
4,0,1.502012,.10679574,53.460419,2.841054,1
2,0,-6.4110961,.087371968,54.302067,2.4480073,1
2,1,4.6146903,.55029637,46.041832,1.8522073,1
3,0,1.5179154,-.49204606,60.302753,1.4624023,0
2,1,.96081084,.38108182,47.865292,1.229126,0
4,0,-3.9083972,-.20704502,57.536858,1.09118,1
1,0,4.866322,.035133258,50.58025,3.9257813,0
2,0,3.2711995,.061703805,42.910236,1.8609619,0
1,1,8.4886208,.5957635,50.219601,2.7672365,1
4,0,-1.5428064,.47474015,52.120575,8.211504,1
1,0,7.6209693,-.49538195,52.707298,1.0585938,0
4,0,-2.6219239,-.65294498,76.591393,2.0831299,0
2,0,2.2445099,.237176,42.874245,7.8965368,1
2,1,-6.8397298,-.028721228,62.036495,4.5188737,1
4,0,.49219498,.15929553,52.986877,3.1121826,0
1,0,3.792769,.23642311,41.05648,.24731445,0
4,0,6.4823718,-.11311999,60.545532,2.8538818,0
4,0,-6.2401032,-.76438373,45.579632,.026855469,0
3,0,9.483243,.018327758,50.524052,11.353638,0
4,0,2.6736243,-.23236936,54.015057,.17980957,0
1,0,3.0784035,.45421436,44.716156,9.4202881,0
1,0,-5.4789314,-.28603292,65.355858,2.6148055,1
2,0,9.4711647,-.34496665,45.601082,3.0230839,1
2,0,-1.9137301,-.32379335,42.671455,9.5092773,0
4,0,-3.6704247,.39353105,44.897209,2.8408203,0
4,1,7.0691619,.62312967,31.075686,10.573486,0
1,1,2.4263365,.44591111,48.958324,2.6065674,0
3,1,1.5964428,.29012153,32.577389,6.4245605,0
4,0,-4.2191372,-.5951553,56.130291,1.7669095,1
2,0,2.9796333,-.28918466,69.612968,.87756348,0
2,0,-5.2588449,-.057191651,49.259563,3.9484863,0
2,0,-2.1867485,-.19807558,54.369881,4.4216309,0
2,0,-6.0323787,.48394325,37.264187,8.2618408,0
1,0,-10.670519,.091093332,76.98822,1.7773438,0
4,0,3.2954962,-1.6666842,56.162029,2.4244385,0
1,0,-7.9747491,.082426019,60.301014,5.3049493,1
4,0,3.4228177,.0861312,53.903881,4.4077148,0
3,0,-5.6248064,-.051285822,39.218533,9.1008139,1
1,1,.56632465,.64254671,46.272915,1.4344482,0
4,0,-4.4827995,-.21418884,69.42968,1.5930218,1
1,1,7.9272647,.64668602,47.609772,6.4293213,0
1,1,-.35239431,-.24802275,66.679955,.10308228,1
2,0,-1.5063044,-.43019447,53.932293,1.5356445,0
1,0,.44687954,-.52750838,68.237457,3.9620948,1
3,0,3.6252172,-.28078073,56.559597,7.9708252,0
2,0,9.3052664,-.29428086,41.575779,3.3343506,0
3,1,2.068465,.58181953,49.344635,.87145996,0
1,0,18.097353,-.45630267,46.721661,10.556396,0
3,0,-1.3200718,.10385968,53.613804,7.8758545,0
2,0,-4.0727291,-.82257575,79.575966,1.030278,1
3,0,3.0794392,-.26693657,53.668381,3.6973877,0
2,0,1.7871377,-.047059026,61.542953,6.9564905,1
2,0,-.45380628,-.35604861,54.578426,.59985352,0
2,0,-2.0193195,-.097541809,62.893021,.44808674,1
4,0,-1.456094,-.14630857,56.471622,1.9192047,1
3,0,6.3013649,-.0017771283,67.837807,4.553483,1
4,0,2.1889825,.014364526,58.548958,2.7302246,0
1,1,-3.8008552,.11155023,64.531898,.21428581,1
1,0,8.0525284,-.27781332,50.811821,.53063965,0
2,1,5.7339816,1.3263344,53.604465,5.0600858,1
2,0,-.91190237,.29222664,56.213753,.88562012,0
4,0,-4.3971877,.722651,57.327217,8.8139706,1
4,0,7.5382786,.19375612,56.275433,7.3516846,0
2,0,7.4738917,.31176823,39.193108,.097290039,0
1,0,3.905901,-.0053404747,30.296967,8.7141113,0
4,0,-4.4793372,.31428796,47.655109,3.6567793,1
1,0,7.145473,-.53699327,65.252541,.46582031,0
4,1,2.8546491,-.10826956,54.201557,3.5517578,0
4,0,-2.4773328,.38861984,54.19009,8.5643311,0
2,0,8.3210077,-.8396228,63.014202,3.9843221,1
3,0,5.233665,-.18715695,43.268826,4.5360107,0
1,0,-4.0570517,-.16974193,61.986225,1.3182373,0
4,0,7.9472013,-.022587677,65.369339,1.961792,0
4,0,-1.916952,.28390455,61.34515,4.2698975,0
4,0,-.69287986,.0034859297,47.447731,1.7661133,0
1,0,-5.337904,-.40085131,58.107346,1.052233,1
1,0,-3.3364716,.34672683,48.212612,6.1396484,0
3,0,.71717697,.40393004,44.803135,1.4926758,0
1,0,7.6524506,-.19431116,33.764908,.15509701,1
2,1,2.5214984,.040734794,54.917099,3.6089203,1
1,1,-.45882583,1.0939026,50.31982,2.5371768,1
1,0,4.7486553,-.54125881,76.076653,4.3518434,1
4,0,-6.574801,-.035329532,62.639347,3.6262023,1
4,0,-7.768971,.22663222,66.782623,.33941725,1
3,0,2.1187735,-.26727384,56.228741,.38977051,0
3,0,-6.1492186,.04352003,64.989571,2.0869141,0
4,0,-4.4481187,-.40243036,55.673801,8.0073242,0
1,0,2.0627046,.31972528,63.009247,3.2714844,0
2,1,-.73431075,.11875858,48.828644,1.5817871,0
4,0,8.3927746,.048193365,48.365177,3.1748552,1
2,0,7.1800394,-.21847294,48.486832,4.1508789,0
1,0,2.6600697,-.43554914,70.434021,1.7427588,1
1,0,-7.5342517,.29676554,53.483261,4.789928,1
1,0,-2.7432153,.14240152,56.599937,3.4748535,0
4,0,-6.3718467,.87320018,47.226112,5.3334961,0
3,0,4.1278791,-.49515852,55.15152,2.8789063,0
4,0,1.1824212,.14102986,60.032986,1.284668,0
2,0,-2.9971137,.09706223,61.921062,1.7087402,0
3,0,-5.0794911,.23683815,57.715279,.77587891,0
2,0,2.5398245,-.10810392,40.129826,1.8332146,1
2,0,10.392493,-.099702321,57.362045,11.703125,0
4,0,1.7991309,-.51239455,54.915051,2.4331055,0
1,0,-1.1528125,-.18618441,47.886715,5.7542725,0
4,0,1.5159241,.012467206,43.256958,5.7005339,1
2,1,-2.7613795,-.022669246,80.141075,2.1911359,1
3,0,5.4710412,.16351096,40.767494,11.391891,1
4,1,2.5549169,.18303888,66.105209,8.2426004,1
2,0,-2.4626272,-.58899087,49.518017,.5797295,1
2,1,3.4491436,.3360467,58.602173,1.7498666,1
4,0,-.089574978,-.73432833,58.309082,1.0357666,0
4,0,10.922128,.075924538,25.606365,7.5535889,0
3,0,2.4661102,-.039538667,69.896042,1.4133691,1
4,0,1.5526588,.12767318,57.121635,1.8187256,0
2,1,1.6936136,.48487327,56.77623,4.7705431,1
4,0,-.28902876,-.6614905,50.615269,7.7519407,1
3,0,-4.8442221,-.56745249,68.394577,.61517161,1
3,0,7.557704,.37716866,31.362387,2.1003418,0
3,1,2.4752107,.18324751,56.88271,1.7435005,1
2,0,6.9141545,.2643083,40.15358,11.506836,0
3,0,-3.730464,.43315628,44.276409,2.2211914,0
2,0,-5.8557191,-.64578062,70.694481,1.8599347,1
4,1,-.40313458,.53297162,57.084915,1.1152538,1
2,0,2.6609969,.34002551,51.906303,11.657471,0
4,0,-7.2418427,-.18620159,68.821335,5.6306152,0
1,0,.075212277,-.27647793,46.580803,2.0627162,1
1,1,.086732015,.20387062,55.451103,4.676065,1
3,0,-.89765424,-.41292074,57.340801,.018066406,0
3,0,-.79606038,.0069529926,57.30212,3.1455078,0
3,0,-8.7979469,-.23026483,67.008926,1.8807684,1
2,0,-16.429647,-.23372792,67.88961,1.8498923,1
4,0,-1.0844016,.68815315,67.942589,6.8197012,1
4,0,-1.2616894,-.4772532,54.46019,1.6939697,0
4,1,-.21151143,-.035708901,35.647968,7.1031494,0
2,0,-4.4333534,.029383304,53.294498,1.8502047,1
3,0,1.8382376,.0017312885,49.125679,4.5317383,0
4,0,-3.9500234,.084523678,72.703766,.86537641,1
1,0,-6.6044502,-.2754254,72.363052,4.3782625,1
1,0,-8.0402288,-.072815493,39.12579,.30230856,1
1,0,-9.8156195,.92039931,51.891476,1.557285,1
4,1,-.24143662,.40768012,46.696651,6.9227295,0
3,0,-5.0193515,.33702824,60.125351,2.8691406,0
2,0,3.9639297,-.20074661,49.429489,1.0891113,0
4,0,1.9837962,-1.1920147,68.592957,1.8475984,1
1,0,.95469111,-.016574908,67.653839,5.6224647,1
1,0,-1.0199665,.0060107135,57.432072,2.1926079,1
1,0,-6.9640393,-.6725958,65.833221,3.1199377,1
3,0,-1.1573691,.20650335,82.369591,.53395617,1
2,0,-4.9985757,.93944317,51.957783,2.1365967,0
1,0,3.4145951,-.00063887122,50.985924,3.4470797,1
1,0,3.5540423,.14616784,55.420841,5.8778267,1
1,0,3.5655856,.057026569,66.925354,2.5006104,0
4,0,7.7537975,-.024468277,49.366741,2.2923584,0
1,1,-5.8792996,.39936778,55.396534,2.8157032,1
3,0,-8.4045095,.67981553,63.857559,.67845184,1
2,0,5.3569374,.2385662,40.24276,5.8093262,0
2,0,1.1441436,.4925949,56.855354,1.9639893,0
1,0,-11.54186,-.25089657,60.491116,1.7071533,0
4,0,2.7159812,-.0188115,59.625488,2.175415,0
4,0,1.6435399,-.39806932,79.956787,4.2311149,1
2,1,-.69491518,.55409861,46.273495,10.017822,0
4,0,8.5736914,.15645279,61.49683,1.4989357,1
4,1,2.277317,1.0684421,48.693882,9.9128418,0
2,1,-4.1206384,1.0616792,51.343739,3.7712402,0
3,0,1.2731569,-.18995924,77.23587,1.5565186,0
2,1,-3.7942705,.12043703,66.656479,1.5197268,1
3,0,.70198226,-.11214225,27.628159,3.1434326,0
3,0,-2.8597598,.011005836,52.019272,2.8052135,1
4,0,-1.5283949,-.21801209,65.560188,.038696289,0
3,1,.61865562,.73101461,36.764179,2.6892433,1
1,1,1.7339803,1.124707,54.047295,2.924922,1
2,0,-8.4712639,.82729912,37.537434,.0069580078,0
2,0,-.43361434,-.64784932,65.703506,7.54568,1
2,1,-5.9671612,.60292917,40.195866,.88134766,0
1,0,.90872437,.7304827,52.896294,2.0518799,0
3,0,-1.1931422,.14797683,56.946384,9.126008,1
4,0,-.47425014,.20197162,45.545826,5.9030571,1
4,0,3.0643353,-.18735835,64.674248,2.6107178,1
4,0,4.0743446,.14348006,53.24881,8.1356201,0
3,0,3.4946668,-.17486055,44.111748,5.9471679,1
3,0,1.1360546,.23434126,38.356552,2.2510986,0
4,1,-4.1175013,.38946486,48.256023,1.8098894,1
2,0,-4.4714146,.13705978,50.910805,4.1074648,1
4,0,-6.4317102,.56836408,62.603836,2.6046143,0
2,0,6.0672884,.23324516,52.047569,5.2506104,0
1,0,7.8699245,.16090491,43.146446,2.8440089,1
4,0,-2.7213562,.52686137,45.895683,5.8341265,1
3,0,5.3503742,-.30550435,49.464909,5.0651288,1
3,1,1.729993,.62354523,34.495174,1.5412598,0
4,1,8.6760263,.84946698,43.305866,5.18396,0
2,0,5.6018128,-.2008049,37.131428,11.095581,0
1,0,-5.969099,-.20226014,59.384289,2.8744845,1
3,1,.20101681,.54715133,43.650135,.65637207,0
4,0,4.8953719,-.63660544,41.22131,4.8238525,0
2,0,-10.274002,-.062148131,29.192942,.083618164,0
1,0,1.8751764,-.083865933,58.900429,2.1862793,0
4,0,.16141884,.4205043,45.710438,5.630249,0
1,1,2.7405005,.24997325,47.680008,3.1682129,0
4,0,-4.3417311,-.25074041,29.594591,1.2408447,0
1,0,-6.3898277,.46690562,48.852623,5.6048584,0
1,0,8.5230522,-.27093068,42.832996,4.3018799,0
3,0,-4.2206931,.50667155,34.01936,1.7409379,1
3,0,3.5751188,-.061805602,56.820969,.17138672,0
2,0,-3.3474832,-.43368191,79.824501,1.9195956,1
3,0,-2.7048986,.71155232,52.022202,6.2568359,0
4,0,-.89386398,.11925463,55.730534,2.0319824,0
1,0,-3.6990163,-.14796297,59.451653,.89327401,1
1,0,7.7203002,.02198148,54.765095,5.4880543,1
3,0,-6.6495891,.35380468,52.976818,2.0239038,1
2,0,-1.1684858,.083424412,40.360531,1.7661133,0
2,0,.9058724,.30575946,48.35828,6.2040401,1
3,0,6.3133607,-.094037198,50.748901,.70495605,0
1,0,3.4089589,-1.2122451,47.286217,3.9119873,0
3,0,-2.1927128,-.28215414,72.319435,3.177124,0
4,1,.269232,-.14198934,36.007023,5.5822754,0
3,0,8.2232533,-.12654041,48.373394,4.9197998,0
4,0,-3.1784863,-.55262005,62.940727,10.377319,0
4,0,-1.3241001,.09910766,64.648453,1.3025092,1
3,0,8.7377892,.0088507179,61.687416,11.930908,0
2,0,-3.1377885,-.15716481,59.689655,.24544111,1
1,0,-4.6168346,.75614119,53.390957,1.3024902,0
4,0,3.0825415,-.25573668,38.992817,9.8792725,0
2,0,-5.9820633,-.40148407,62.500099,3.4562988,0
4,0,-.85491478,.14109994,77.397751,9.2216797,0
4,0,3.6691134,-.10423806,53.248287,1.9910448,1
2,0,-3.614768,.45748851,61.18956,.55989528,1
3,0,9.1542044,.057421807,55.579777,5.2991943,0
4,0,-1.3739748,.39102545,52.02459,8.0931702,1
1,1,3.406286,.26682609,62.694866,4.5864258,0
2,0,-4.2138982,-.78567296,59.142887,1.8823923,1
4,0,2.070338,-.063140355,51.861328,2.0671387,0
1,0,-.83864611,.10215513,45.795414,.64819336,0
4,0,.20135687,-.37699738,46.48888,.51135254,0
4,0,-.96840727,-.60833901,62.422001,2.6940548,1
3,0,-3.508265,.20597008,62.454498,1.2683105,0
4,0,-2.9444218,.00068098312,40.077805,10.706055,0
3,0,3.1288345,-.60305917,59.317505,3.5822394,1
4,0,6.6218667,-.13764952,49.501324,4.2194824,0
4,1,-4.3786798,.48119047,55.966404,3.3299222,1
1,0,-8.6188555,.51014954,62.775448,4.8416748,0
1,0,-2.1352746,.4443267,76.820892,2.7612305,0
4,0,1.4919236,-.69137186,83.277344,4.0833755,1
1,0,11.536496,-.12191681,54.042614,1.9935788,1
3,0,-7.3010783,.63120103,47.917847,1.5504887,1
1,0,-5.7029929,-.2813735,49.04108,5.3547916,1
3,0,3.2730751,-.24838413,56.573112,5.6474872,1
1,0,2.4962943,.12592639,57.860458,6.4282227,0
2,0,3.2636654,.41916397,47.721153,.76013184,0
3,0,-5.6177773,-.23883203,65.205475,8.074707,0
1,0,6.9834642,-.28459385,59.787449,7.8137207,0
4,1,8.6559753,-.14119299,68.641342,1.6936524,1
3,0,-1.2980515,-.48178512,54.413269,2.6263428,0
4,0,-11.935699,1.3887224,28.391264,9.3494873,0
4,0,4.4499192,-.69179267,44.398499,.60961914,0
1,0,-14.226468,.34780219,58.415325,6.3991699,0
2,0,5.0990725,-.1776346,40.878132,1.793457,0
2,0,6.1122274,-.71990961,55.275108,11.074308,1
1,0,-5.5829597,.067889586,36.444698,2.4627306,1
3,0,11.716344,.11391798,46.541626,5.5687256,0
4,0,-1.8362371,-.42230228,46.126831,5.0717773,0
4,1,.40679866,.1439141,53.38068,1.2872314,0
2,0,-5.906754,.38858229,58.907063,6.1357422,0
4,1,5.7295446,.25028962,56.875534,.1279119,1
3,0,-6.3581276,.70658439,49.557034,1.0977783,0
3,1,2.1300359,.72514051,52.412956,4.6590791,1
2,0,1.3873127,.30263633,59.545223,3.1313298,1
1,0,.5854857,-.10586958,44.292473,4.0400295,1
2,0,-2.4194236,.12623514,56.511581,1.8151855,0
1,0,9.2347126,-.070923626,58.283566,8.946167,0
1,1,-8.0934258,-.40987214,63.524891,1.4420582,1
1,0,-7.9164424,-.076347746,46.156105,1.5673828,0
4,0,3.9790492,-.38354456,75.644302,1.3258455,1
2,0,-1.3367766,-.072550379,59.99239,2.3510931,1
1,0,-3.1101923,.32937351,35.035168,3.7435303,0
2,1,.089666918,.70602226,48.342171,.40446866,1
2,1,-8.3559875,.52409601,65.722618,1.2401783,1
2,0,-3.0857427,-.53878647,71.018684,2.6065967,1
1,1,3.4670854,-.29369512,55.269329,.38647461,0
4,0,-6.181592,-.09057299,58.967712,5.7691698,1
4,1,5.2087426,.18549974,60.430336,3.5421288,1
2,1,-.27135468,.23911618,52.427326,6.1452637,0
2,0,-13.700918,-.42438102,54.926563,.56723469,1
1,1,-2.3379672,.11173037,85.768372,.45008105,1
3,0,-4.7630796,.81325763,59.243244,9.7474403,1
4,0,-2.243011,-.26570559,49.079308,4.6497927,1
2,0,-.98581088,-.33241323,52.424236,1.4347469,1
1,0,2.0045002,.075025506,47.394474,2.1464448,1
4,0,-8.5868101,-.18385981,71.536255,5.7905273,0
4,0,-4.3591352,.099827759,77.226685,2.7390461,1
2,0,5.103723,-.18177374,63.10714,3.6735628,1
4,0,-.42061913,.280516,52.414417,2.8548584,0
2,0,3.7750788,-.21552716,61.825016,3.7625732,0
