cnom,cbin,ccon,xcon,ucon,y_t,y_d
2,0,2.6524243,-.70113474,44.920193,1.6329346,0
2,0,-10.57868,-.1300022,64.304451,1.4929507,1
2,0,-3.2326007,.53490818,51.265976,5.5959525,1
2,0,5.1392012,.10444773,44.875504,7.1690674,0
4,0,4.897563,.12204058,81.32019,3.2918646,1
4,1,1.6715677,.5729689,26.34444,.78942871,0
2,0,.39844477,-.24631351,51.509781,9.0233154,0
1,0,5.9072599,.35782623,56.301586,1.5487061,0
2,1,-8.1880274,.52855587,71.592979,5.6015782,1
1,0,-1.7368325,.050902031,64.67588,3.7515869,0
1,0,-1.9015948,-.4892652,67.846901,2.1593018,0
4,0,3.458462,-.31098095,39.17355,6.6650391,0
4,0,4.0942993,-.34789962,54.030247,3.863086,1
4,0,-4.3824272,-.65160394,67.320274,2.8825672,1
3,0,7.8650818,.23192781,39.152035,8.1705322,0
1,0,-.68814468,.4812755,52.791737,3.3243408,0
4,0,-2.6733508,-.045186616,62.482098,6.1680861,1
2,0,-4.8263402,.93280929,47.298252,5.0352783,0
1,0,-2.3790894,-.15965284,52.588348,1.1758449,1
1,0,-3.6897352,.77921981,54.562691,7.1544614,1
1,0,-4.2757053,.13815211,45.72913,7.8878174,0
3,0,3.371942,-.65508527,58.587399,4.0318604,0
3,0,-1.2499442,.68414241,51.788361,1.6513083,1
3,0,-9.5751829,.20291442,55.196049,1.4647217,0
3,1,-5.6931906,.64984798,46.45583,5.2756662,1
2,0,7.2030869,-.81369096,53.910484,6.635498,0
3,1,-.6489588,-.21610022,52.005505,3.8760986,0
4,0,5.3201003,.32310832,60.442307,9.2266846,0
4,0,5.7408204,-.036306642,55.565224,2.8963499,1
1,0,-3.6946688,-.65843493,78.371994,5.6405988,1
4,0,7.2072926,.11093536,52.775543,6.7846541,1
1,0,1.8903731,-.66193378,61.965374,7.1899414,0
1,1,8.2896652,.64626896,39.563507,8.7880859,0
4,0,6.9359303,.081336938,43.089748,7.5926514,0
3,0,-4.9783568,.28898302,48.435234,4.7362061,0
1,0,4.4347777,-.57810938,48.485233,5.3636656,1
3,0,2.9555259,-.066359907,48.94183,9.7516966,1
4,0,-.2452043,.1830823,48.125023,8.4453125,0
2,0,5.4357038,-.69827926,71.494118,10.450326,1
4,0,-3.4334028,-.27983099,50.45203,10.889893,0
1,0,-12.690176,.18421212,54.633675,2.9764693,1
1,1,-.4540801,.16576575,49.002411,5.6402588,0
3,0,.027830284,-.22640324,65.593147,5.0602264,1
2,1,3.6180332,-.094172604,43.836662,11.687378,0
2,0,-.51762241,-.061725378,45.587158,10.50354,0
1,0,-5.2015285,-.25466472,72.506355,4.0150776,1
4,1,1.6876572,.61361682,44.649033,5.237793,0
3,0,6.4733119,.0943477,46.550224,6.7823486,0
2,0,1.3003253,-.09934172,48.887314,5.6522217,0
4,0,-6.6149607,.22492848,43.668453,3.1203613,0
3,0,2.1249931,-1.1789048,70.818787,.54246569,1
3,0,11.039723,.25478119,35.652203,6.3511963,0
2,1,8.3295832,.0055927318,41.406044,3.1817627,0
3,0,16.065651,-.15990628,49.770283,2.0977783,0
1,0,-1.4099529,-.50334734,58.598537,2.0887163,1
1,0,-2.1293879,.26498446,52.90377,3.3840332,0
4,0,-3.3176594,.49305961,51.506851,1.1207275,0
4,0,-2.5563281,.053724259,65.178314,4.0762062,1
1,0,4.3405986,-.28131583,62.07251,4.0374355,1
1,0,6.6078353,-.34442192,55.938412,.59899902,0
1,0,-4.3393803,-.42603528,60.485538,5.4218178,1
3,0,-8.3475962,-.27700594,52.692345,.95617676,0
1,0,2.3350575,-.72090596,47.390759,.21228027,0
2,0,-2.6283741,.29369506,57.933872,4.0693359,0
3,0,6.2495813,-.25600454,42.323753,6.6137695,0
3,0,4.017015,-.70122856,63.862717,5.7910156,0
2,0,4.4958868,.34577098,29.523174,.41865408,1
3,0,-3.7819602,.88432521,54.643097,.26367188,0
3,0,4.9959478,.19209537,48.272617,6.7971711,1
2,1,3.7083116,.49012822,36.63728,2.2790527,0
4,1,5.1546764,.09100686,41.373222,6.4433594,0
2,0,4.8802881,-.096595265,57.548569,.73857421,1
4,0,-2.9418151,-.042055152,54.486362,2.5307357,1
3,0,-3.0199933,.073545508,69.975662,1.8212882,1
1,0,4.3412271,-.28120944,44.446194,3.5361328,0
4,0,16.038551,-.33454922,59.061203,2.0820313,0
4,0,-1.7338885,-.14182864,67.583344,6.0274453,1
4,0,5.770638,.15192001,56.274811,4.9720459,0
1,0,-1.7809334,-.26371813,81.559929,3.8515625,0
1,0,9.4691372,-.14556545,50.48439,2.0870361,0
1,0,2.7811406,-.59030449,50.21233,4.6224198,1
2,1,-2.3009279,.17518437,40.144909,.27416992,0
3,0,-6.1044326,.11227775,49.258575,4.4958496,0
1,0,.96177751,-.66942716,59.468296,2.1396484,0
3,1,-1.1441711,.0024955792,66.539536,.11378218,1
3,0,1.1045517,.83182102,47.644196,4.1043701,0
4,1,-8.8016872,.44778177,64.196815,2.5430529,1
2,0,-5.1255059,-.32514223,45.749191,.14953613,0
4,0,4.7003536,-.16677904,50.215031,9.1672363,0
2,0,-.92735404,-.089906819,49.301117,3.0689697,0
1,0,1.0744951,-.70589417,65.524582,3.1213379,0
2,0,8.1483364,-.71751982,41.917427,5.6873779,0
2,0,11.013019,-.11063218,41.792828,4.6331787,0
1,0,6.3683853,-.27523562,55.512444,4.1846242,1
4,0,-2.1890335,.013479711,62.496574,.74853516,0
1,1,-11.846448,.8309114,51.99625,1.8547363,0
3,0,.70302415,.4994764,53.434425,2.8079834,0
3,1,-7.0214005,-.22068402,67.323105,2.9317327,1
2,0,.98642164,-.37816167,40.008308,4.1844482,0
2,0,.0639285,-.17956458,76.142914,3.0570672,1
2,0,-6.3317189,-.50255227,76.588715,2.5330811,0
4,0,9.9056206,-.76311654,81.538322,4.744751,0
3,1,-5.7157683,.49270722,42.601776,8.4362793,0
2,1,6.7253256,1.0152185,61.655197,2.6426413,1
2,0,-5.7261534,.020702023,67.838936,3.2249756,0
3,0,-.64807868,.13581955,65.709694,.13989258,0
2,0,-7.4932628,.48438692,52.460415,.21057129,0
3,0,-10.471358,-.34429172,46.981277,6.4628043,1
2,0,.65170169,.15792781,42.41539,.59204102,0
2,0,-.60807699,.88951045,44.749599,9.9625244,0
3,0,-4.5229311,-.025514446,47.660606,5.4921875,0
2,1,-2.338743,.7654373,37.139477,2.9815674,0
4,0,7.472033,-.64150196,41.610157,2.3031006,0
3,0,1.2190889,.5345518,45.746433,2.5230713,0
4,0,3.6842499,.18700941,58.817616,5.9660645,0
2,0,3.7484498,-.42999068,56.566204,2.5507813,0
3,1,-1.3076639,.64441854,56.607548,1.7610502,1
1,0,-10.401955,-.52638692,59.476677,4.3608565,1
2,0,7.9869266,-.6949715,48.992985,6.239502,0
1,0,4.5356331,.10453257,46.724537,1.612793,0
2,1,-.0012140864,.62709439,43.339954,.71212471,1
3,0,-.58674544,.34315142,56.478012,5.1614265,1
2,1,.37732714,-.61756831,56.814552,6.3664551,0
2,0,-2.3806827,.51891953,61.311211,7.1703124,1
4,0,-.44881037,-.19312961,50.345932,4.1813173,1
2,0,-7.7122688,.016804351,56.087132,5.2865748,1
3,0,-6.5414133,.70971006,76.09153,4.7047119,0
3,0,5.2246761,.42119718,39.888325,3.4377441,0
2,0,3.5371692,-.19157112,62.014149,10.672974,0
4,0,-5.9589157,.095855296,70.92601,1.1394235,1
1,0,9.633235,-.75606722,55.877445,2.1443141,1
3,0,-3.3746619,-.46648192,66.27536,1.2626953,0
4,1,1.3641338,.14565147,53.406666,3.4180732,1
4,0,2.1259725,-.46083051,64.918602,.39123535,0
4,0,-11.296059,-.15396285,53.675186,1.251709,0
4,0,2.2266471,-.032959048,58.726402,6.0836182,0
2,1,7.4320641,.68275779,45.219616,3.5897074,1
2,1,3.8034844,.2363268,57.584114,3.4423828,0
3,0,2.2963417,.62362629,56.882133,2.3384142,1
4,0,-8.9589567,.2959674,61.665535,5.1232939,1
1,0,6.6173134,-.5983392,63.449684,1.5309923,1
1,0,3.7665482,-.73722899,46.7029,9.0841064,0
2,0,4.4114532,-.55602139,61.106228,.68005371,0
3,1,9.3126612,.9031533,33.856956,7.6437583,1
4,1,3.7937558,.42362031,52.316971,1.343166,1
3,0,-1.7661716,.081688337,56.771786,7.2092962,1
2,0,-7.0995002,-.14005762,49.062263,6.1258092,1
2,0,5.639811,-.33842292,25.600594,5.6855469,0
3,0,.61020571,-.053177383,39.32473,8.8240967,0
4,0,-2.278085,-.010863435,74.929039,2.9222903,1
3,1,-2.0648179,-.10222564,44.364922,1.5544434,0
1,0,3.334492,-.02494899,77.637024,1.3153493,1
2,0,3.5500879,.12153133,47.533886,10.802124,0
4,0,7.8522,-.090710208,39.045025,4.1831055,0
2,0,-5.5116792,-.17882538,59.21534,3.1281738,0
4,0,-1.5910703,.50018924,54.040771,4.824707,0
1,0,3.0360603,-.2013889,60.793976,2.6004179,1
3,0,-2.3214569,.1958579,52.169617,3.775408,1
4,0,-.80834007,-.1307559,55.123882,1.2844625,1
1,0,2.0554936,.30728769,40.344372,1.8362857,1
4,1,11.893667,.48321602,45.441757,7.5629883,0
1,0,-4.3128381,-.61749268,58.898598,2.5555754,1
2,0,-9.5201721,-.54426062,62.089336,2.1205938,1
1,0,.57915628,.36178881,46.015141,1.7415074,1
3,0,-2.4038439,.62435567,56.071213,9.9654541,0
1,1,-3.1293285,.12443865,36.997925,2.5865479,0
2,0,-2.0710044,.46477649,39.966156,4.7461004,1
4,0,2.0327249,-.65167344,48.569698,6.5998535,0
4,1,1.4775602,-.086442932,66.397713,.24072266,0
4,0,-5.3438106,-.079823926,60.730366,6.4962158,0
1,0,-.59366155,.4331609,65.591309,2.9520626,1
3,0,-2.710372,-.74348044,62.641857,7.6362305,0
2,0,-4.7619815,-.21990971,59.796272,5.0710449,0
1,0,5.3900084,-.14042203,49.661911,2.3300781,0
2,0,3.2586215,-.69381076,49.09536,2.3822021,0
4,0,5.9963198,-.53831071,59.352123,3.5976563,0
4,0,3.4017713,-.44099003,67.997223,11.680309,1
4,0,-5.9961214,.030262919,52.62867,5.0558686,1
1,1,-11.572935,.78747159,59.322662,2.0944092,1
1,0,1.6204026,-.11648409,43.154617,.53302425,1
3,0,2.7365177,.51869655,49.970219,4.4284668,0
4,0,-.40266162,-.32098666,51.696091,5.0021224,1
3,0,-3.7453828,-.035049636,47.19426,2.7213135,0
3,0,-4.4426136,-.27843249,65.148537,1.4334666,1
4,1,-4.1923294,.97386271,34.541348,2.2618408,0
1,0,8.2097721,-.14411078,46.328701,.02355957,0
2,0,-3.3727314,-.75042439,70.447945,1.5848389,0
4,1,-4.1248364,.52436674,45.828445,.21203613,0
1,0,2.0858123,-.34093228,61.182564,6.7664599,1
3,0,-5.8740506,-.62263912,75.769165,2.1257045,1
3,0,2.8168938,.71523762,63.771648,3.0744126,1
4,0,1.5110354,-.27567253,68.086777,1.2875977,0
3,0,.85440356,-.67892069,57.487267,.31603646,1
2,0,-3.9194262,-.13094221,62.100571,1.5661293,1
1,0,-15.586793,.10147273,58.59351,5.3006926,1
3,0,-8.1630783,-.34852707,51.298141,1.9267578,0
1,1,-5.8418894,.57728136,49.948311,3.0360599,1
2,1,2.4290125,.24262898,52.577255,2.2684057,1
4,0,-4.3629236,.15664515,50.347725,5.3076172,0
1,1,-9.3910789,1.2438668,44.054348,1.0452681,1
3,1,1.8584167,.57750404,62.891113,2.6757205,1
2,1,-5.6076155,.28920081,69.214241,1.0544257,1
2,1,.1714237,.30301428,47.403988,.73917127,1
4,0,-12.474422,-.347617,50.77095,1.0560832,1
4,0,-1.5143739,-.28935674,42.522182,1.7531738,0
1,0,-5.7900186,-.10430285,60.228313,.009765625,0
1,0,2.3572035,-.020184478,56.758358,3.8683197,1
4,0,2.8706217,.3862617,62.253914,1.9375397,1
1,1,-9.4255342,.17540592,47.701576,1.1382338,1
4,1,3.1708505,.32326105,57.191254,.47403669,1
4,1,5.6970286,.51872045,61.999542,3.8862305,0
1,0,-1.5838273,.10376155,73.008301,.57214355,0
3,0,4.4335203,-.41008046,37.287521,1.5545654,0
2,1,9.7288828,.68319196,34.512516,4.6343994,0
3,1,-3.9453652,.82160753,44.03212,.51279068,1
2,0,14.326911,.22029169,55.592918,.77978516,0
2,0,2.003948,.0055481689,45.517689,1.0731201,0
2,0,7.9109383,.16722986,49.602211,2.3078337,1
1,0,2.8085604,.023429276,46.051678,5.4096322,1
1,0,4.8640385,-.065928139,51.581253,2.6679146,1
2,0,-.77184647,-.012045974,51.161442,3.621582,0
3,1,-2.9771948,.38575521,56.520119,3.9604492,0
3,1,6.2603598,.047900639,27.534227,8.9185791,0
4,0,2.2687249,.16688606,63.919285,7.0073242,0
4,0,6.8748274,.21829417,42.402275,1.6663818,0
3,0,1.7121303,.20303147,49.872814,9.3361664,1
1,1,6.7205806,-.0066603869,51.939507,.69000846,1
3,0,10.873289,-.47263664,40.053909,1.0207077,1
2,0,4.6966162,.12872767,36.571224,2.9454346,0
2,0,-5.4977412,-.50273001,67.395538,4.0706787,0
3,0,2.3162799,.22005691,52.799664,5.1874871,1
2,0,-2.0454895,-.29089761,56.469101,1.8977182,1
4,0,7.7824302,.020244114,54.25185,5.1518555,0
4,0,-.34527281,-.17391124,56.033211,4.4466515,1
3,1,-1.1588629,.28201029,47.873562,4.331665,0
2,0,4.4984984,.26204324,50.227764,6.9752197,1
3,0,.93848664,-.16942321,37.58506,1.4929619,1
2,0,.052445959,-.30703166,59.631775,2.4841309,0
2,0,11.687255,-.45603245,63.889393,7.4244385,0
4,0,6.643908,-.53610849,35.0415,8.4249268,0
2,0,4.438098,.29874662,51.215611,1.7110679,1
3,0,1.8129103,.49267572,51.002033,2.2350097,1
4,0,-7.1894784,.32355553,42.130203,4.8829346,0
4,0,4.3659,-.43725121,62.689316,2.0495605,0
3,0,-2.031245,-.56073749,59.35751,4.6318707,1
1,1,-2.7486267,.39288247,63.817375,2.4976807,0
4,0,-.57934582,-.12178037,74.235695,3.1641831,1
3,0,-4.4360676,.63468027,66.70211,11.484009,0
1,1,2.6370571,.30820313,42.408859,.26726156,1
4,0,5.1025562,-.89074248,65.506607,.40135732,1
4,0,1.8255848,-.37752581,61.48909,9.5578365,1
2,0,-1.6877285,.43681949,43.098652,8.5268049,1
4,0,-10.528571,-.11980265,44.973061,.36535645,0
3,0,-2.3728554,-.12414266,48.334591,2.6558647,1
2,1,5.1488113,.53100866,61.521801,3.8188477,0
4,0,-1.8421921,.70760554,41.649334,.98608398,0
1,0,-6.4667912,-.40838483,55.909389,2.5827637,0
4,0,2.410944,-.26540744,62.721947,2.3751221,0
2,0,-.28480288,.059469633,45.942673,7.4012756,1
1,0,7.5151591,-.58589202,80.484619,3.1010742,0
2,1,-1.5774002,.19926475,60.771519,1.7825862,1
3,0,-4.8904505,.19889796,64.820511,1.947876,0
1,0,7.8076091,-.60685778,55.471069,3.6842041,0
4,0,-1.2672474,-.18108539,46.586727,6.1951904,0
3,1,2.3034534,-.080806874,60.819309,2.9249268,0
1,0,11.175535,-1.0938294,71.631775,.76323706,1
4,1,-1.1590801,-.0075319498,51.543316,8.2030029,0
2,1,-.025154792,.7254976,52.668606,4.3024902,0
2,0,-2.7367747,-.31531161,66.429451,3.9758878,1
1,0,5.3080812,-.16552041,52.667042,.4128418,0
2,1,-2.0325971,.22894458,58.943237,6.5840001,1
2,0,-9.0513124,-.2963151,69.324883,3.0494385,0
4,1,-6.4484034,.75867844,51.425316,.16224948,1
1,0,2.2140639,.28923705,51.645321,7.3957682,1
4,0,4.1781149,-.18381393,60.943085,3.5455322,0
1,0,5.9977002,.057737753,50.14661,1.5266113,0
3,0,-6.1723309,-.43791249,64.488998,.0043945313,0
1,0,-4.8649096,-.47293958,70.110893,1.0831299,0
4,0,-.82978106,1.1013169,49.024406,1.3083496,0
1,0,-4.2738309,-.43600938,64.964798,1.1800537,0
1,0,1.3855392,.06299527,54.76144,5.5327148,0
1,0,5.7465315,-.79535073,49.801407,9.8041992,0
2,0,-2.9948351,.00075854542,62.402485,.51214617,1
4,0,-5.2130466,.051276609,62.627094,4.5891328,1
3,0,15.27337,.14931487,43.460735,10.566284,0
1,0,14.327389,.18597992,55.554745,9.993042,0
4,0,2.2226665,.49408275,61.318279,3.1775148,1
4,0,-5.4275284,.13190192,70.579124,5.7450008,1
2,1,-4.1606946,.42091763,66.718727,4.3697362,1
2,1,3.0573239,.18906087,65.854256,2.8687744,0
1,0,14.588167,-.4337225,52.825493,3.637207,0
3,0,2.3464098,-.28644362,80.40873,8.8132324,0
4,0,8.3711786,-.30831456,50.00425,1.7037956,1
4,0,-4.7302499,.9949621,38.949291,2.3123779,0
3,0,8.5334606,-.72729957,60.409378,1.3360596,0
2,0,2.2365851,.49160814,56.552372,6.2736816,0
3,0,-4.5318561,-.015990598,76.097374,4.8883667,1
4,0,-3.8544455,-.5583334,52.914921,3.6352539,0
2,1,-2.6773498,.808254,49.717815,2.5195258,1
4,0,1.3808055,.171699,48.550304,3.3659668,0
1,0,2.3294799,-.36935529,70.787827,3.5504999,1
3,0,-.67711198,.022048121,82.864174,.042279854,1
2,0,3.0663304,.073072322,67.543991,4.2329102,0
3,0,2.2998586,.6961692,40.93047,8.5084229,0
2,1,-2.6537025,1.1314113,50.458935,3.5783691,0
2,0,4.7493267,-.38944599,36.343132,1.2030329,1
1,0,-2.1901302,-.088157974,57.887653,2.90625,0
2,0,.51742667,.27871412,37.879063,6.6491609,1
4,0,-4.5436172,.23479165,66.851379,1.5089487,1
2,1,4.6340036,-.12318919,74.147446,1.0154704,1
1,1,-4.8002033,.32543066,68.877274,3.37854,0
4,1,-2.4888446,.68341428,48.7598,1.2398674,1
1,0,.44023791,.099839069,61.941715,6.7429199,0
1,0,-4.6766343,-.14414667,60.408058,1.8406982,0
4,0,2.8941104,.057054523,64.876472,8.6765137,0
1,0,4.8870168,-.29566956,55.25288,2.2052002,0
1,0,6.9665399,-.9911986,44.102489,6.013916,0
3,0,-10.73375,.1045368,50.747528,6.592597,1
2,0,2.6230857,.43692625,53.524319,2.1075439,0
3,0,3.9416759,-.45141357,58.762665,2.5762939,0
2,0,-8.1912594,.30240998,59.906372,6.6303992,1
4,0,-1.8906918,-.13071443,57.419529,2.7787952,1
4,0,-4.3996444,-.35545608,68.60688,10.182543,1
4,0,4.0033875,.37118459,51.740299,6.8415589,1
1,0,3.4858315,.45170128,42.602695,1.5241699,0
3,0,.62525737,.066528492,62.804195,5.8096924,0
1,0,7.8936653,-.19316684,54.486313,1.4412842,0
1,0,-6.3331108,.066066764,52.834698,1.3455627,1
4,0,5.4478312,.10044119,53.811703,1.3207948,1
4,0,12.12983,-.40715215,45.483608,3.3441162,0
4,0,-.47051078,-.64296693,45.828369,7.6186433,1
1,0,3.0915833,-.11920525,59.257435,4.8929734,1
2,0,2.9380953,.037561011,50.770824,9.0682373,0
4,0,3.0150166,-.17674595,46.144951,4.6896973,0
3,0,8.3543215,.29539931,35.553539,.79223633,0
2,1,5.1368093,.21773294,56.898167,2.3166504,0
2,0,-2.5799801,-.22687264,44.135784,.62744141,0
3,0,-4.4593468,.78669184,54.356556,1.2543751,1
4,0,-5.270381,-.030958856,52.915699,1.6259915,1
3,0,-3.6717575,.041189898,61.708035,3.0386963,0
2,1,2.1226218,.86896831,49.693497,2.7925711,1
4,0,.82469308,-.89017659,64.695786,6.8041992,0
3,0,-4.7166104,-.83955562,52.685585,3.1605709,1
2,0,-5.6983867,-.079003677,60.220444,2.449585,0
4,0,7.3743768,-.23994769,56.134636,8.177002,0
3,0,-6.7391143,.40494102,64.344887,1.8867188,0
3,0,8.7614775,-.0050678593,51.346169,9.8590126,1
1,0,.95726538,-.11745101,53.130325,7.1108398,0
2,0,2.2161663,.28792837,50.265484,5.4429026,1
1,0,11.839864,-.1016285,64.362411,11.546378,1
3,0,.96740896,.31622234,48.800171,1.3204346,0
3,0,-3.0360563,-.28645104,51.542519,1.1791444,1
2,0,3.7803011,-.21292244,50.903091,3.5288086,0
1,0,-7.0212698,-.083433673,58.484661,4.6641846,0
4,0,3.8190637,.029416243,58.361794,8.3914795,0
3,1,3.8437755,.40901798,56.71907,2.3322434,1
3,0,-1.4619693,.95993865,48.051105,1.4404297,0
4,0,-1.8871921,-.0050584944,65.122299,.058111884,1
2,0,-6.6091352,.22523449,51.808479,4.3154931,1
4,0,5.2741823,-.53348392,70.043808,2.5515137,0
4,0,.22938734,-.25319061,36.871716,2.1746826,0
1,1,8.0690184,-.97178328,88.968513,2.7606201,0
2,0,4.6647911,-.5393877,53.639767,7.8569336,0
4,0,3.6173749,.18575443,60.187099,8.8962402,0
4,0,-6.0933475,-.13065483,66.935402,3.9865241,1
3,0,-7.3684216,.50287646,63.928516,1.008872,1
2,0,-1.9787157,.094697513,52.099236,9.8189697,0
1,0,4.4529414,.12197183,27.750774,7.7196045,0
1,0,3.9231873,-.048932094,48.63937,1.7202747,1
2,0,-.59140939,.035070006,44.15625,1.3477819,1
2,0,1.3061104,-.67348969,58.352749,8.0059814,0
3,0,1.3565657,.67531419,44.851379,8.3607178,0
1,0,-5.3086853,-.35312507,51.435799,3.5231934,0
4,0,.84502083,-.051246438,51.665634,8.8007813,0
2,0,-2.5175459,.016130127,40.694294,6.4826746,1
3,0,6.5540967,-.25459504,36.447483,5.4989014,0
2,1,-5.7017713,.12293069,67.684723,.73706055,0
1,1,6.2204537,.31385738,49.162685,3.184401,1
3,0,4.5443587,-1.1454854,68.526024,1.9651041,1
3,1,2.8875005,.79846954,40.954037,4.5650635,0
3,0,6.9433708,-.053997215,57.3363,7.0316162,0
2,0,-7.231513,.69245619,44.7495,6.0628662,0
3,0,7.3235822,-.13410695,57.537563,4.0000057,1
1,0,-1.5246353,-.13303177,64.459694,2.42155,1
3,1,-10.409403,1.1589512,43.574104,5.2619152,1
3,0,1.5421562,.28054297,50.602505,6.1835566,1
3,0,.014377643,-.33143613,66.473007,3.4610596,0
1,0,-.75814074,-.94170713,78.06868,1.3195801,0
1,0,4.2679229,-.55388278,40.547077,7.8278809,0
4,0,-3.9204743,.40067911,41.852993,4.0982666,0
4,0,-10.539862,-.36308986,70.396103,2.5925152,1
1,0,-1.8491434,-.0026884663,36.68404,.037597656,0
4,0,-5.5740438,-.0097247325,47.480247,5.0664978,1
1,0,-2.1843307,-.51686335,71.909981,1.9594727,0
4,0,9.2360582,-.41827998,40.475918,1.0643311,0
4,0,4.325129,.42863256,52.359943,2.3684986,1
3,1,10.381959,-.1755452,81.684639,5.1890302,1
4,1,3.6799018,-.43899897,55.937477,3.5524013,1
3,0,-5.0682621,-.097468823,56.022984,4.211792,0
1,0,2.6521461,-.22230425,52.129375,3.1309988,1
2,0,-7.4505324,.11342829,65.896164,3.5461543,1
2,0,-.62787008,.12375679,60.461918,3.4312501,1
2,0,3.7433088,.030115178,58.043961,6.7907715,0
4,0,-.14618647,-1.3223381,65.296204,1.6153648,1
1,0,-3.8467786,-.48549062,83.975609,1.0300759,1
2,0,5.6162438,-.13108917,55.269917,7.541748,0
2,0,12.797935,-.11446866,51.560673,11.481934,0
1,0,-.30661076,-.93808162,63.246201,9.2844839,1
1,0,1.8084136,.19084999,36.935242,2.1030273,0
3,0,2.4803386,-.6389336,47.923512,1.0057373,0
2,0,-2.3073552,-.12778363,71.857986,8.3889914,1
4,0,-7.7187891,.0090887565,83.955757,.2611084,0
4,0,1.7485106,.005646884,47.448795,3.6156812,1
2,1,3.4070063,.75878912,45.656258,8.6153564,0
3,0,.063684814,.5252313,47.616493,.85789013,1
4,0,-2.6405122,.64784938,69.631256,.59535551,1
1,0,-4.1353555,.27815235,64.132355,4.6931438,1
4,0,-3.2962272,.72108442,53.130199,2.1983643,0
2,0,1.705847,-.36630392,56.974716,6.43716,1
2,0,3.2471497,-.27385658,50.568443,1.8837891,0
1,1,-5.3878198,.18681923,40.641201,.48278809,0
3,0,2.4740055,.064539678,47.943432,9.3605042,1
3,0,-5.0936441,-.33088642,53.101288,3.3396409,1
3,0,-2.3677845,.59853584,28.640509,8.2973633,0
4,0,10.064868,.26650095,48.762119,7.016623,1
4,0,-4.7478395,.66947997,44.901901,5.8447266,0
1,0,1.4015863,-.25843725,47.125309,1.739502,0
3,0,-.27631384,.70015329,48.635494,7.3756843,1
4,1,.78539228,.26447454,68.112953,1.9858358,1
2,0,10.603958,-.29540983,28.677485,1.4761963,0
2,0,-3.9600494,.3922171,30.423826,5.0695677,1
2,0,-9.6941786,.052019168,58.944706,4.7924805,0
2,1,-2.5044827,.57670236,50.873512,1.1970215,0
2,1,-4.8392534,.12671907,62.852451,3.6911621,0
1,1,-.81293976,.84881216,54.839363,2.135006,1
1,0,15.758347,-.094387315,65.506599,3.119343,1
1,0,1.6664993,.38151386,42.651901,4.3700356,1
4,1,.79927045,.94873041,47.398617,3.6252441,0
2,0,-.68202728,-.70797658,59.652477,3.6710205,0
3,0,7.7661896,.095386237,40.620636,.36373866,1
3,0,-5.7378154,-.18439046,67.592438,5.2664928,1
2,1,4.9709287,-.61837476,47.639248,4.7657471,0
2,0,-14.814511,-.12141526,59.239613,1.2867432,0
3,0,1.7248662,-.29411361,64.63607,2.4381104,0
4,0,3.1553247,-.14566843,48.829811,4.4327292,1
2,0,-4.5623412,-.41723555,58.937008,5.7003398,1
2,0,-8.54072,-.5926708,58.385792,2.0585775,1
4,1,-8.9445791,.043385539,53.319267,3.0275879,0
4,0,-8.6345797,.045875106,67.407799,8.7661734,1
4,0,-5.6966014,-1.0455995,57.591499,7.0411296,1
2,1,8.1632233,-.24016021,61.260555,1.6883545,0
2,0,2.1433415,.23257853,71.515778,4.9257712,1
3,0,-1.487003,.071672559,62.055023,7.2833381,1
2,0,-.83776844,.57952213,52.983566,11.086182,0
2,1,.068164453,.68664557,32.43354,9.3015137,0
4,0,-.64758235,-.30126014,62.638348,2.889488,1
2,0,3.0191228,-.81085277,49.300865,.32873535,0
4,0,-3.6449068,-.51338542,63.344765,2.6136005,1
1,0,1.3005311,-.67430395,59.618771,3.8590314,1
2,0,7.9603739,-.018974366,57.432117,7.6103349,1
1,1,-2.8745401,.96409112,40.97533,4.0683522,1
1,0,-8.7921095,.24499007,61.85228,1.0397152,1
4,0,2.5632279,-.58206654,45.175552,3.4079654,1
3,1,2.8300233,-.65854597,41.808334,1.0533447,0
4,0,-.46514958,.56466562,39.674221,2.6903076,0
1,0,4.0603538,.13767232,50.596226,2.6001468,1
1,0,-.16387145,-.65677327,51.401592,2.330029,1
1,0,-.34610584,-.50655806,41.15234,3.0058594,0
1,1,6.9848361,.72210121,43.851257,.40816653,1
2,0,1.7480787,1.1967465,63.495583,1.8248276,1
2,0,12.674574,-.44835246,26.149847,5.5301514,0
1,0,2.6687474,-.074606381,64.02153,5.3474412,1
1,0,-3.2062521,-.12138266,44.766376,.79943848,0
4,0,-11.538267,-.070977017,57.078564,4.7482133,1
2,0,.88648021,.029022165,45.325203,9.8724365,0
1,0,-5.4142904,-.49765021,52.569923,4.5819092,0
1,0,-2.5431752,.96375412,50.408192,11.70813,0
4,0,-6.7318192,.200215,51.245754,2.5560865,1
2,1,.54486591,.33459392,39.711639,5.8404541,0
1,1,-10.378881,1.2071279,71.198593,.005859375,0
1,0,-11.87274,.031091407,53.090145,10.13609,1
4,0,-12.992032,-.098757386,61.198898,.1965332,0
2,0,-3.2862144,-.17638634,37.586063,5.2297363,0
1,0,-4.9157939,-.064100519,72.92569,6.4603415,1
3,1,.75859934,.0068848999,55.626011,3.1482775,1
1,0,.070922509,-.07701809,64.276421,10.960327,0
4,0,-3.5711145,.59504527,62.351509,2.0974121,0
4,0,-12.504011,.47231382,41.439503,8.865242,1
4,0,2.0400045,.030755339,56.557819,.46683168,1
1,0,-6.3754382,.6767599,34.522537,3.6026611,0
2,1,-1.9190047,1.255995,34.227173,7.7529297,0
4,1,-4.5453234,-.12303868,63.265221,2.3404634,1
3,0,4.5678596,-.50499791,37.563831,.080444336,0
3,0,-.055664431,.017624998,54.586029,4.3125267,1
4,0,-3.9054716,-1.0095533,53.913422,2.7911377,0
3,0,5.7172089,.096994333,58.867462,2.4689941,0
3,0,11.298405,.26254004,43.820621,7.3214111,0
4,0,-3.1559782,-.20240954,62.554848,2.1986084,0
4,1,9.9812441,-.047278035,29.032812,.77514648,0
4,1,-3.2516048,-.25536335,50.572239,.39917493,1
2,0,7.6422315,-.1611089,55.778973,1.1450773,1
3,0,6.7944169,-.42930073,52.855549,8.8204346,0
3,1,19.71217,.34684139,32.132919,11.088013,0
1,0,-2.7281487,-.35047567,60.761154,6.1510606,1
3,0,8.930542,-.63938004,59.239395,1.7161865,0
1,0,2.1869061,-.50151253,51.564568,.99159241,1
3,0,.46731886,.49610588,40.747871,4.0583129,1
3,0,-2.9527655,.0054689734,48.088261,5.8786621,0
2,0,8.9520807,.2302838,48.031204,4.4575195,0
4,0,1.1545438,-.17341547,74.403824,3.7417481,1
3,1,3.5385594,.18438432,42.068283,1.8277611,1
1,0,7.5578971,.42615503,49.11034,2.8340745,1
4,1,9.012455,.64049298,59.138008,2.0128174,0
1,0,1.8657933,.063011728,69.503746,.41792402,1
2,0,-6.2410741,.231316,66.233482,6.1343994,0
4,1,.84445196,.57150197,41.720394,7.571167,0
4,1,-3.8825598,.25034207,45.523949,1.4731445,0
4,0,-14.748093,-.30162299,69.710747,1.9537897,1
2,0,8.7909718,.15094489,48.683258,3.5946045,0
1,0,-1.6857933,-.15849532,48.380276,1.5705004,1
4,0,-9.5484953,-.084274784,78.685913,2.7475586,0
2,0,-4.3694878,-.4040263,59.876263,2.7963524,1
1,0,-4.3743553,.053240363,58.619537,5.3054905,1
2,1,.52173567,.77278447,51.23682,2.411499,0
4,0,3.3092177,-.015723525,57.434898,.74353027,0
3,1,-1.4722497,.84316057,50.723244,3.0425394,1
1,0,3.554255,.14958276,55.014797,3.2798979,1
3,0,.400076,-.17679624,58.017792,8.7321777,0
1,0,-9.0348673,.015830681,62.016403,3.3946533,0
4,0,7.3241334,-.4994311,39.968906,8.0376005,1
3,0,6.328753,.43552282,59.809143,10.543823,0
3,0,7.1371469,.099564113,68.647949,.92663574,0
3,1,-4.2688994,.41088703,67.929436,2.8166916,1
2,0,-.89404303,-.31477338,64.630898,1.3607125,1
2,0,2.9143777,-.08740665,55.751377,1.247781,1
4,0,-8.0066986,-.16943373,50.508976,3.1707594,1
3,0,7.0061073,.13623878,46.66655,2.6695168,1
3,0,1.6056507,-.43741643,58.782482,2.868042,0
4,0,-3.2731996,-.53899896,62.594677,4.0847168,0
4,0,1.6512215,-.082292698,55.694653,.13024902,0
4,0,10.953268,-1.2538288,53.113823,4.5776367,0
1,0,2.0188496,.22091737,66.79879,.50375432,1
2,1,-1.9269214,.94923878,85.655632,.51620162,1
2,0,-13.149202,.61158246,50.067692,1.7796631,0
3,0,2.622292,.059147347,52.297089,.11450195,0
2,0,1.2898057,-.37644675,29.474054,6.4194336,0
3,1,10.221587,.40707803,50.110027,8.386117,1
3,0,-6.3302593,-.38563868,58.492641,1.9890137,0
1,0,2.1685309,-.19769429,61.37833,1.6472168,0
1,0,4.3902035,-.74365151,49.047508,1.3463135,0
4,0,-8.9592819,.33792853,53.922813,4.8895264,0
2,0,-5.5623016,-.15548664,54.865826,3.041492,1
3,0,-.67911279,.013241299,51.319782,5.0953369,0
3,0,5.4491291,-.80717868,53.887577,2.7602844,1
1,0,-.22814766,-.10911,55.441418,7.1862793,0
1,0,9.3080587,-.8725276,70.700859,5.7192082,1
1,1,4.6700735,.78248912,42.280903,4.5460205,0
1,0,-.50084454,-.93755305,62.056606,8.9672823,1
4,1,2.7760909,.27797928,54.465645,2.6591959,1
2,0,-3.3407011,-.10310286,61.661484,10.966553,0
2,0,1.1426785,-.74339741,50.267849,8.9709473,0
1,0,-1.1229277,-.82950211,86.150269,1.2520205,1
1,0,4.9189439,-.87817639,65.126366,3.1455717,1
3,1,-5.2654915,.69345415,61.887703,.68534201,1
4,0,-8.2050591,-.36151361,65.304001,4.9816756,1
3,1,10.786992,-.0055368599,50.870419,2.0021486,1
1,0,.82566708,-.36229727,50.423817,1.3167725,0
4,0,2.2228935,.0065409727,72.824196,3.6317954,1
3,0,4.4887505,.11791354,44.501026,2.8948975,0
3,0,-.8857488,-.42756179,53.510609,8.2962646,0
3,0,3.0421689,-.074349195,47.495716,.16821739,1
2,0,-4.0691185,-.43729177,55.830017,4.5621352,1
4,0,-4.8057237,.3220723,40.424217,8.8225574,1
1,0,7.6556559,-.047141384,72.553879,.10583496,0
4,0,-2.0131271,.3272965,40.311287,3.1317933,1
3,0,11.499059,-.079908162,48.06839,4.1711426,0
1,1,7.9626384,.74646091,63.845146,.78808445,1
3,0,.11704551,-.15553668,56.593575,6.4060059,0
1,0,-1.733799,.11724383,56.656254,2.5618272,1
2,1,.92582488,-.16883747,57.103561,1.5430908,0
3,0,-.080859795,.30049413,56.26012,1.9805599,1
2,0,-1.647862,.51751959,56.44532,4.3807955,1
4,0,2.1230996,.57949883,57.362068,6.3082275,0
3,1,-6.6684222,.61160189,50.774155,3.178762,1
3,1,-.26057607,.88277912,48.289616,.16418457,0
2,0,.46939322,.086767882,46.881779,8.5062256,0
3,0,-3.7218311,.074105501,71.792381,6.8250895,1
3,0,8.6979523,-.22045183,55.402138,.72858059,1
4,0,-.32597452,-.6498962,39.611423,3.7813494,1
1,0,10.160904,-.6135217,52.621315,8.9173584,0
3,0,7.5526276,.15295584,50.703327,.77502441,0
2,0,4.3878365,-.23750786,60.750599,8.1320801,0
1,0,-7.5463018,.36279827,65.415092,2.4085693,0
1,0,.73623443,.63559812,59.536865,8.3613939,1
3,0,-6.2149591,-.33501968,72.851059,.12646484,0
1,1,10.233406,.36089399,41.684555,11.417236,0
1,0,11.887176,.65991133,62.090797,2.5758057,0
3,0,-1.1258835,.11751013,41.667297,6.4354248,0
2,0,4.1767869,-.99429065,58.641148,.84301758,0
3,0,2.466099,.56193686,69.573784,3.526123,0
3,0,-7.2841825,-.18758847,78.909676,.40526977,1
2,1,6.3356915,.48698941,45.022152,.67468262,0
2,0,8.9761019,-.70069093,68.320877,7.0292807,1
1,0,-9.321207,-.32447508,57.69455,4.036377,0
1,0,-10.766685,-.42292929,59.391029,1.4590594,1
4,1,-.29350415,.87529445,38.307728,9.8905029,0
1,0,6.0302062,-.32507667,60.662449,5.2412109,0
1,1,-6.026876,.097351693,57.344067,.28381348,0
2,0,-2.9790437,-.2034014,56.31868,.90565157,1
4,0,4.4098186,-.71524698,58.265591,4.0394411,1
2,1,-14.941112,.2973091,53.973396,2.479403,1
1,1,23.631935,.15332635,40.742168,4.2185211,1
3,0,6.8873014,-.23826967,70.908714,3.9330828,1
2,1,14.135383,-.23805076,39.107384,9.7298584,0
2,0,1.6439816,.39756081,57.730274,2.1742721,1
4,0,8.2675457,.21522066,29.113974,3.5356445,0
2,0,2.5210922,.1781517,62.844349,2.4675293,0
3,0,-5.73911,.5627237,40.51963,5.5250244,0
2,0,-9.3346252,.26913759,60.811905,.58600003,1
3,0,-1.5486903,-.11209554,61.546402,4.1586223,1
2,0,5.4584503,-.14323609,70.615982,6.9631348,0
2,0,-3.3804798,-.11076812,63.226795,.69596362,1
4,0,.53930861,-.58586192,65.842117,3.8858838,1
4,0,10.711943,-.24986628,55.505238,9.0241699,0
4,0,-4.8531823,.55101687,42.10733,6.6642413,1
4,0,3.5885043,.35409147,45.170162,4,0
1,1,-3.4291306,-.29069281,56.668785,1.6981201,0
2,0,11.77537,-.49343923,37.472664,7.0562024,1
3,0,-3.0491011,.83770919,51.314461,.63976562,1
1,0,9.2076206,-.20500949,56.269524,7.5929928,1
3,0,-4.5288091,-.080608323,53.952999,11.058838,0
1,1,1.5783086,-.16928135,43.186409,4.6712408,1
3,1,-9.21416,.50874454,51.232742,1.0257825,1
4,0,-.68976545,.13625295,44.24416,7.3843994,0
3,0,.75257289,.12827136,61.442223,1.8281639,1
1,0,.20956191,-.1758018,69.03553,10.132552,1
1,1,10.564209,.5063768,36.49316,1.0044968,1
2,0,-4.77281,.14658058,59.060905,.57324219,0
3,1,-1.3031887,.4952482,54.251896,1.3516846,0
4,0,2.610199,.56187731,51.88261,7.87146,0
1,0,.24330015,-.58925259,49.071541,5.1501465,0
4,0,-5.7133369,-.27587682,54.655491,5.5762939,0
4,0,-5.5711694,.44425252,55.785309,.8449707,0
4,0,-7.7224932,-.86566967,76.799644,4.0691414,1
4,0,2.9244645,.052413426,52.397659,3.3487549,0
2,0,-2.7350791,-.67870498,63.084648,1.1849198,1
4,0,2.4854958,.59240311,50.325817,2.4614258,0
3,0,-1.2494596,-.22321308,75.05484,1.2670898,0
4,0,4.3061981,.023578281,52.399052,9.012207,0
4,0,3.4866142,-.48575416,52.660225,1.0166314,1
3,0,1.39842,.73120403,62.977016,.42675951,1
1,0,11.93647,-.63077158,63.678154,11.946777,0
4,0,-9.8696413,-.20276132,70.721077,2.1846566,1
1,0,2.9461532,-.13902822,41.635277,5.5837402,0
1,0,-.96111703,-.097904392,67.505844,5.225708,0
4,0,-3.3377554,.24525844,69.374443,4.2044806,1
4,0,-13.036428,-.53296018,68.120888,1.6537296,1
3,0,-2.3842986,-.50022048,59.178005,1.9602051,0
1,0,-3.2339718,.57378805,58.549576,4.489068,1
4,0,.50398958,-.5037846,56.370689,9.517334,0
3,0,1.9091835,.71406251,41.694138,8.8128662,0
1,0,-5.6872768,.098615468,68.929527,5.3835449,0
2,0,-9.7098627,.848005,54.780293,3.8885794,1
2,1,-3.2523115,-.11483372,51.195557,.057761006,1
4,0,.62198246,.3024931,57.701416,1.1738281,0
2,1,1.3359967,1.1910313,34.799744,.99706829,1
1,0,-1.7414966,-.061950382,42.14439,3.3240967,0
4,0,-.65000755,-.27571625,71.370155,3.7165244,1
3,0,.92257035,-.57703573,52.190643,5.7635498,0
4,0,12.828902,-.31099021,53.872742,6.972682,1
3,0,-4.787868,.57119071,43.462959,7.4637451,0
4,0,-5.9158516,-.71966666,65.985664,5.0672607,0
2,0,-4.0934644,.058568981,53.732113,6.9494629,0
2,0,10.468921,-.21105291,59.295868,3.0908203,0
2,0,-4.2664852,-.34296811,56.444748,.10141686,1
3,0,-2.1210828,.16313049,42.686241,1.8065186,0
3,1,-8.5905476,.058688466,55.547478,.021728516,0
1,1,.033029184,.24549003,75.467133,3.8324192,1
4,0,-5.1910062,.96390617,51.833733,.76916504,0
2,0,-1.4124265,-.039769277,53.166744,4.8996582,0
4,0,-2.6700768,.23246525,54.344643,8.5950928,0
4,0,-.36745417,-.34282041,49.856609,11.289917,0
3,0,5.3598533,-.70464247,46.900261,8.3477783,0
3,0,8.1098166,-.36624491,53.757042,3.4116499,1
4,0,9.1382589,-.51864874,45.403297,4.305542,0
1,0,2.1388705,-.14118244,58.202133,.078857422,0
1,0,2.0565143,-.81065267,62.204365,1.9299546,1
2,0,-14.036394,.92721421,77.781952,.27001953,0
3,0,-3.2328973,.047374573,74.623322,1.3765869,0
1,0,1.5603179,.20533811,38.52438,.0024414063,0
1,0,7.9530339,-.51731998,49.762123,11.396484,0
2,0,4.5342088,-.10714199,64.275116,2.2363467,1
2,1,-8.8471518,.24003604,63.51041,3.2226925,1
4,0,-1.4791015,.00091344304,44.131653,4.8563504,1
2,0,4.1889324,.80554426,43.049137,5.4508057,0
2,1,-2.4951532,.67155319,40.314938,5.1961546,1
2,0,1.4866166,-.20060143,42.831974,7.036377,0
2,0,2.9462945,-.4507848,48.066357,4.3676758,0
3,0,-2.947437,.18379121,44.18576,3.13904,1
1,0,5.301785,-.044946529,43.695984,4.7711182,0
4,0,-6.4679723,.51564795,42.611263,7.7576904,0
2,1,3.3695309,.056445643,39.014957,2.7188721,0
1,0,-2.2665343,.13425578,51.063091,7.0886807,1
4,0,-9.7309227,-.30441076,69.102844,1.7805655,1
1,0,-4.4192495,-.46026564,59.153069,3.2543271,1
4,0,-4.6391416,.94383121,62.454666,1.4639893,0
2,0,-4.3717403,-.2795743,56.450649,2.3197021,0
3,0,4.1093826,-.39401552,72.458443,10.766883,1
4,0,-2.7507536,-.16271906,57.358025,1.1775137,1
2,0,7.7037015,-.05787218,39.054184,6.8585305,1
1,0,1.1611568,.0046472894,52.92009,2.1242676,0
2,0,-6.8273478,.22560689,56.922028,2.4503133,1
1,0,-.11563273,-.21990936,76.770493,3.5991211,0
2,0,-10.733595,-.282352,58.422859,3.1620975,1
2,0,.88263333,-.083655804,59.675117,4.8592529,0
2,0,-2.0625057,-.0078649977,48.926079,8.3054142,1
3,0,-8.238183,-.23295036,71.347595,1.9853129,1
3,0,1.0581111,.54925692,34.054737,8.4648438,0
2,0,4.315599,-.34797794,58.431721,.27311471,1
2,0,.035429139,-.047182474,63.600647,7.0582609,1
1,0,-.1613576,.1443084,70.69857,.5949707,0
4,0,-1.988274,.53846824,57.342972,5.1147156,1
4,1,-3.0857863,.39809659,27.373224,6.7209473,0
1,0,-11.058973,-.67704111,77.123039,4.0033488,1
2,0,-8.6223278,-.29136086,61.172611,.74966073,1
4,0,-4.7026281,-.13083936,47.148357,5.519165,0
3,0,-13.726878,-.27491635,67.185326,3.3886719,0
2,0,3.0571678,-.2610454,62.094093,1.3563232,0
4,0,3.1154861,-.31047538,62.422951,1.7734375,0
2,0,-6.8858981,.45203766,40.146595,2.6283252,1
1,0,-4.2025847,-.31266916,71.733894,2.9202623,1
4,0,5.1529608,-.036384497,36.589645,5.4739456,1
3,0,2.0786207,.24096251,21.033955,8.8238525,0
4,0,2.7179241,.31163934,47.55164,10.92749,0
3,1,-1.432373,-.073593982,55.273815,3.9697266,0
4,0,8.5368738,.47111022,33.916313,5.0457764,0
3,0,-3.8137372,.47739142,49.566944,7.5078778,1
2,0,-7.3325372,.58027995,59.363136,8.8459482,1
1,0,-3.3841751,.063561663,50.236805,.26452637,0
4,1,2.6828039,.18015017,46.812164,1.067256,1
3,0,-1.6263903,.48453873,48.145153,10.04133,1
4,1,1.3110896,.42527682,41.348621,7.5704627,1
3,0,2.0059369,.54978216,41.870987,3.2089887,1
2,0,-5.6633272,-.27952307,71.1996,7.8806152,0
3,1,-4.889472,.88961434,47.029003,6.5608039,1
2,1,-2.7134933,-.7714299,72.150429,2.6845229,1
2,0,-2.9103661,.67650008,37.391552,6.1843262,0
3,0,4.1545563,-.297952,52.511444,1.0568848,0
4,1,5.4854794,.22746649,54.490757,4.6942244,1
2,0,6.5955968,-.010461656,48.440929,3.1060791,0
2,0,-1.8680079,-.34449789,55.485111,8.2703857,0
1,1,-.50038129,.52301908,51.147728,7.8143659,1
3,0,-5.7849727,.3916522,33.737335,1.9589844,0
4,0,11.014014,.54059458,50.21019,2.8284507,1
2,0,3.646672,-.47199613,51.857784,4.9727502,1
4,0,-8.3343105,.29119548,46.269848,2.8509521,0
1,0,-7.0520945,.28476104,60.696812,3.3016357,0
1,0,1.777177,.31806937,44.90958,7.5270185,1
3,0,-9.5266247,-.017216189,68.109032,.89995557,1
2,0,-.79632264,.21906053,47.681854,.67224121,0
2,1,.36047643,.80588728,54.236809,.82285833,1
2,0,-1.5228939,-.17402878,64.883545,2.5745354,1
2,1,6.9284868,.56907034,27.436346,.37985229,1
4,0,9.0372105,-.53889638,55.989571,6.1238661,1
1,0,-.044181582,.18685612,69.384293,2.2918701,0
4,0,4.0356579,.012658006,39.95755,5.3366699,0
3,0,3.1630132,.03436999,68.644226,1.9974365,0
4,1,13.068583,-.11549675,37.133877,5.0717773,0
2,0,.49113783,-.49250779,61.370209,1.2518311,0
4,0,1.6178401,.21471986,49.348381,6.7303977,1
3,0,2.6670074,-.10693122,47.876427,5.5835247,1
2,0,5.6621771,-.0043417937,26.662203,4.4382324,0
4,0,9.8484383,-.33614969,66.614822,.87244898,1
4,1,-6.4494343,.70232534,69.89753,2.7016516,1
1,0,12.256775,.46227866,44.83007,5.7463379,0
3,0,-.83454758,.11734916,52.969551,3.846169,1
1,0,-13.320587,.50695807,61.497059,4.5957031,0
2,1,1.505672,.85154474,53.174332,7.2570167,1
3,0,-5.4296842,.24495848,76.932678,1.2188721,0
4,0,.89824557,-.35635957,52.946743,11.45813,0
2,0,-7.3909869,-.0017467303,55.614647,1.8457031,0
3,0,-8.255681,-.012792206,69.425293,1.3140155,1
1,0,-1.5770705,-.010781473,50.703762,1.5217285,0
1,1,1.188799,-.78471684,70.353706,1.1677973,1
1,0,6.019124,-.60610598,59.376377,6.0787354,0
1,1,6.9675121,.29737476,52.204834,4.9505615,0
4,0,-.238121,.26755142,50.527237,1.8485107,0
3,0,-3.1968453,.88553005,50.562202,8.5712891,0
2,0,-3.6707942,.20903453,50.633213,3.5775895,1
1,1,-4.2319617,-.0060964674,67.154259,5.4361572,0
2,0,21.600031,-.28916332,23.585192,.99389648,0
1,1,-3.8898234,.49987444,31.096537,6.8565674,0
3,0,-4.0386715,-.42860827,68.773331,.69175917,1
2,0,7.9240513,-.31854033,46.985718,6.2879272,1
1,0,-4.0245581,-.027283443,59.364468,5.6400146,0
2,1,6.0589147,-.021026449,49.111576,.26360688,1
1,1,3.6528115,.77866495,51.489571,.39929199,0
1,0,6.2725878,-.20956035,67.539642,1.1571045,0
1,0,-1.5371177,-.33746052,65.966545,2.1697998,0
2,0,-4.3196263,.072354659,39.818787,4.9124756,0
4,0,5.2373009,-.29592097,37.80291,5.0310211,1
4,0,9.7194376,-.31804973,48.037777,1.5285645,0
3,0,-9.8406296,.51895833,50.115074,4.1906738,0
4,0,-5.4363317,.15453412,56.602493,1.9645929,1
4,0,3.2518103,-.14996053,64.799385,6.4123535,0
2,1,2.9189551,.3880766,54.431789,7.9150391,0
4,0,-10.334085,.68285376,52.183224,9.7442627,0
4,0,-12.378761,-.15119644,56.727474,.97516984,1
1,0,-.18518369,-.67163026,75.655548,.11254883,0
3,0,6.0084724,.24209987,37.298801,8.2605,1
1,0,-5.5915198,.21887575,59.884155,3.0954819,1
4,0,-9.5886164,-.90937889,71.179909,1.5721436,0
1,0,-3.1682723,.37409061,51.25565,4.9876709,0
2,0,4.5167694,-.69383603,57.073528,3.8483801,1
3,0,-.67092568,-.19493291,46.10495,.58193439,1
4,0,-2.0757074,.23519614,54.490494,8.6915798,1
3,0,-.84627569,.61935991,50.021358,6.1094971,0
1,1,3.6372743,.6525507,43.631023,6.9193192,1
1,0,8.4601688,-.48531735,48.062809,1.6151123,0
4,0,10.517046,.029380813,40.283955,.48730469,0
3,0,-5.1148672,-.23278886,58.316166,6.3863053,1
3,0,8.1724901,-.49022156,39.018017,4.6185303,0
3,1,8.9606104,.83596611,55.379398,1.1434482,1
1,1,4.5849862,.23769279,53.791283,.94998103,1
3,0,4.4445376,-.19717725,44.913059,2.9195273,1
1,0,-5.0995483,.98761404,50.084862,5.2825041,1
3,0,-1.6386288,-.20959681,44.727184,10.803223,0
2,0,13.357731,-.34066072,59.508648,7.1724873,1
3,0,-2.4712121,-.20575236,53.461933,2.4125345,1
4,0,2.276022,-.09794233,48.877106,1.5043945,0
2,1,-12.144834,1.2551887,52.759159,.77270508,0
1,0,-3.0830147,.0043626181,64.226433,4.8141742,1
4,1,1.1873392,.14775439,50.28223,1.7039329,1
4,0,-4.8414183,-.25767618,37.953846,11.029663,0
4,0,-5.647531,.47448865,68.955322,4.1097622,1
4,0,1.7247095,.028176056,65.106659,1.9793751,1
1,0,-3.8186536,-.18938604,61.008507,8.955677,1
4,1,-.88936573,.53226924,49.86684,2.9273143,1
4,0,5.0070539,-.29926959,56.367695,5.9056578,1
2,0,-2.3762817,-.50172961,54.350208,3.1274414,0
1,0,.62398708,.15596431,58.037788,1.2709961,0
3,0,7.2919202,.32883289,50.458096,5.1474271,1
3,1,-3.1688774,.41966325,50.186001,4.3228121,1
3,0,-.98730648,-.4894239,54.7607,1.1041331,1
3,0,-10.84048,.35416007,63.509697,1.059082,0
1,0,-7.8321996,.68152118,57.571457,2.1745605,0
2,0,4.5535474,-.68216538,49.052471,7.6221604,1
3,0,-4.273942,.63662243,36.386219,6.0427246,0
3,0,-.5570218,-.29082045,54.122185,5.0201416,0
4,0,4.0288954,-.27710938,44.14542,6.8302002,0
4,0,1.7096473,.032778073,52.684029,10.04895,0
3,1,-11.113945,.7655077,74.62809,1.6106687,1
1,0,6.4571047,-.39362898,59.954769,1.3597212,1
3,0,-2.174005,.098170154,48.271416,1.072876,0
3,0,-2.0669978,.4298352,54.196316,7.380127,1
4,0,.60524666,-.054990061,42.130199,7.0660791,1
1,0,4.6110759,-.49029472,48.833641,1.1416645,1
4,0,1.3791161,.16516916,37.601414,9.8773193,0
3,0,1.454579,-.18075678,55.271454,3.2169762,1
4,1,.63893044,.2524516,54.844654,1.921526,1
3,0,2.3553679,.26119706,59.756405,8.2258301,0
1,0,-4.6348815,-.085801624,66.603172,1.8321252,1
2,0,2.0328875,-.26255083,39.880466,5.1298828,0
2,1,-.26046103,.0076809851,50.575859,1.0928955,0
4,0,5.8354363,.050550893,65.688087,9.1009521,0
1,1,-2.1691849,-.061785601,53.93475,.8936314,1
3,0,4.7948604,.053442042,49.286209,3.0230565,1
4,1,1.2347525,-.29090247,49.514652,3.5109534,1
2,0,-5.432765,-.18001814,61.037621,3.6200354,1
3,0,-1.4344275,-.27735788,53.848907,4.8627548,1
2,0,.20726475,.28066286,50.474155,5.8873043,1
4,0,-9.203764,.12803325,50.983593,2.8875871,1
2,0,1.5669086,-.50786418,39.482006,3.7059267,1
2,0,-5.3089161,-.31413558,64.423653,6.0961409,1
3,0,-5.9995427,-.24902527,58.070923,4.4586926,1
1,0,2.6748064,.33090448,54.813488,4.0675268,1
4,0,1.7294885,.01167889,69.704597,.82312012,0
1,0,-1.6785183,-.69837129,66.363708,3.0374756,0
2,0,9.4064407,-.59733582,55.783493,7.5418701,0
2,0,9.1427422,.10501081,42.720047,.79162598,0
1,0,-3.6025765,.051650614,71.555801,3.5605514,1
1,0,4.5352445,-.092639215,49.982288,1.1159668,0
3,1,5.7049522,.38971037,51.598804,4.6459961,0
2,0,1.6457827,-.95969397,51.90641,4.1413021,1
3,0,-2.4968195,.16276868,52.405872,2.0394287,0
1,0,3.5507398,-.10007917,33.583275,10.576351,1
4,0,-2.2225187,.42271343,40.323227,3.8405149,1
2,0,10.363729,-.51319319,47.251194,7.5628662,0
2,0,-7.4961481,.22857299,53.205963,1.6201172,0
2,0,-2.642724,-.87334061,72.816704,3.0203712,1
1,1,6.3127789,.084911019,64.461861,3.9761817,1
2,0,6.1054759,-.74101311,61.805748,2.1602783,0
4,0,8.2932596,.036100119,63.847347,.29614258,0
1,0,7.8643022,-.6365732,49.170048,1.255127,0
2,1,-1.0265371,.25182107,44.523842,2.2457521,1
3,0,-.76379472,-.34089863,46.406635,2.2587335,1
4,0,-6.2285085,-.30173916,68.749756,6.1826172,0
4,0,-3.470506,-.15814961,57.686939,4.7694492,1
2,0,-3.1787269,.08971332,57.973709,4.9189453,0
1,1,3.0472598,.57403219,49.959606,3.864624,0
4,0,.0030676902,-.47627273,61.413101,4.6433105,0
1,0,-7.6818738,-.17101732,58.378784,.85644531,0
1,1,-9.4123907,.29375717,62.171745,1.5591506,1
1,0,3.1865044,.043405134,56.418945,3.02071,1
4,0,-1.523212,-.44247571,63.478642,.17989925,1
2,0,11.389123,-.70093244,55.723244,6.3421631,0
1,0,-1.7544028,-.16866659,50.197884,.073587522,1
2,0,2.2510927,-.75179219,58.141613,5.4492188,0
3,0,1.7045534,.18374373,73.247307,2.8215332,0
4,1,9.1104956,.58311796,39.325092,1.7266846,0
1,0,2.4666364,-.27582347,49.466984,5.3597412,0
4,0,-2.0105584,-.3067854,57.299896,1.3948338,1
3,0,-2.8300498,-.69412053,56.63472,5.8015079,1
3,0,3.3143673,-.085012957,42.960606,3.3626709,0
3,0,1.9728078,-.25445142,50.377068,9.9749756,0
2,0,-.57510197,-.61251521,72.745041,1.6713226,1
1,0,3.4316614,-.14214876,55.62196,5.097641,1
3,0,-4.9895868,.21083879,43.982967,6.0984383,1
1,0,2.8814583,.22715069,41.135201,8.3940697,1
2,0,-1.9016606,.27416608,55.90276,1.3607178,0
3,1,-1.2054095,.69014943,61.182724,2.7350559,1
4,0,7.8222933,.1427165,46.767609,2.7738037,0
4,0,-4.4085374,.16652444,50.875702,6.4790039,0
4,1,-3.2720041,.50389624,59.551353,6.9158936,0
1,0,-3.9567428,-.050374251,46.41869,2.7872419,1
4,0,5.6630368,.044882532,37.610939,1.9946289,0
3,0,4.7713323,-.17793992,68.828873,1.6849365,0
4,0,-6.7213044,-.37155452,67.484581,2.1030135,1
1,0,-10.328891,-.089406945,73.443069,3.1761088,1
2,0,-7.1987553,.46727392,63.506954,5.4605064,1
4,0,-12.173588,.13856015,75.545044,5.3856025,1
3,1,-6.4966474,.036377374,53.885925,6.7304273,1
1,0,4.9294109,-.53611708,43.657921,5.4074707,0
3,0,-.34066182,.092971511,48.317001,1.2871094,0
1,0,8.030549,-.51888299,45.177082,1.746582,0
3,0,-3.9891896,.44316748,55.024033,.86973763,1
2,0,-4.7127609,-.67975509,74.133347,.020629883,0
2,0,-7.689712,.5463239,63.380592,.68682116,1
4,0,-8.0517912,.083015561,62.991138,3.9834349,1
4,0,7.3927221,-.3447507,50.914165,11.921631,0
3,1,-6.28336,.7439096,34.336636,1.1556396,0
2,0,-.62575471,.23255819,50.197124,4.0259805,1
4,0,7.6906281,-.13672051,58.606224,6.9656949,1
4,0,-1.9038711,-.050832421,66.632866,3.2615006,1
4,0,-.95276111,.12453771,46.202816,6.9193115,0
2,0,1.9848014,-.033200584,67.75589,1.1243896,0
4,1,-.068184853,.66304523,37.669502,1.5582275,0
3,1,-3.1700242,.27520078,53.716759,2.8368423,1
3,0,-3.6760197,.56225318,69.208214,4.4171152,1
1,0,-1.4107788,.18243438,54.917328,6.5537109,0
3,0,-1.130839,-.20715965,55.58881,2.0603349,1
1,0,6.1612372,-.5867976,50.646378,4.2394052,1
2,0,-5.4782486,1.0479187,64.750687,2.4642987,1
3,0,-5.3267593,-.40770784,43.335987,5.5448828,1
1,1,12.512604,-.29683426,49.306561,4.090332,0
2,0,9.8779821,-.36464205,58.579197,7.5419922,0
1,0,.14428292,.50157964,44.944695,6.5508137,1
3,0,13.652414,.10850899,33.978043,10.978271,0
2,0,1.5140342,-.40872386,36.159164,2.7962241,1
2,0,-4.6429186,-.084799021,65.704292,2.8108003,1
1,0,9.9425993,.35463855,50.643944,3.7510581,1
1,0,-4.7328672,.38659689,62.2117,2.037791,1
3,1,-.61922222,.52742749,53.779266,4.1741753,1
4,0,-3.9523194,-.69077528,62.384079,9.1043701,0
2,0,-2.1455266,-.85741293,58.901897,10.042603,0
4,0,-1.1685166,1.1031628,41.159214,1.0352793,1
1,0,11.376166,-.57992733,51.146687,2.9521668,1
3,0,1.5074267,-.2104177,52.104103,6.9008789,0
2,0,6.0429716,-.19037537,54.910568,5.1461182,0
2,0,6.1693487,.5103063,42.123722,2.8063965,0
1,0,2.4232557,-.13557784,49.078003,3.2768705,1
2,0,-5.3696694,-.12059154,65.819977,7.4089346,1
4,0,4.5913672,-.56376356,53.185654,7.4154053,0
1,1,-17.295368,.97682637,56.3041,3.4787598,0
3,1,-3.2002282,.74069118,48.654835,1.6895545,1
3,1,-9.6432991,.71557879,35.374577,1.9943281,1
2,0,3.5637138,-.093557701,68.665535,.052612305,0
2,0,6.7920685,-1.005772,63.615456,3.3574219,0
1,1,-5.6606793,.32781637,48.034031,3.2351074,0
4,0,8.9884882,-.095053062,65.645073,4.6414323,1
1,1,.77473432,.26954836,66.500153,1.9555672,1
4,0,-6.2165108,-.25633681,46.466312,3.0234375,0
1,0,12.166488,-.36909387,67.024178,.76283431,1
4,0,3.9396234,-.15753894,52.692081,8.8581543,0
4,0,-13.089444,.088649392,71.870804,3.2603555,1
2,1,6.1624913,.76783937,39.162056,1.5817106,1
3,0,-15.908028,.54736626,53.675797,1.4472566,1
4,0,2.4816642,.53750837,53.806431,4.0332847,1
1,0,-7.8054185,.0027526435,51.366795,3.0022476,1
3,0,-.11135709,-.25151238,64.601418,1.9337158,0
4,0,7.6214323,-.67051864,56.961487,6.2998624,1
3,1,.58481425,-.12409777,43.496918,5.4700928,0
2,1,10.673622,.065114349,39.488594,2.0858612,1
3,0,3.6978757,.34839287,50.954597,4.4895716,1
1,0,9.358593,-.63774031,53.108078,3.4862061,0
3,1,-4.044106,.45572695,47.606869,2.6077902,1
1,0,8.5723829,-.67077202,45.836937,3.3292236,0
2,1,-1.1925925,.41371244,47.103142,.22646143,1
1,0,-9.1119461,-1.175342,55.556858,.80058855,1
3,0,2.7007558,-.48483169,56.157993,3.8901165,1
