cnom,cbin,ccon,xcon,ucon2,ucon1,ycon
1,0,4.0245557,20.990622,85.54966,56.338245,23.469078
0,0,4.0399475,16.556046,87.498566,49.799496,17.26465
0,1,2.5948508,18.189676,76.932724,66.554169,24.040459
2,0,3.9870815,18.891623,80.983208,87.911064,24.835089
2,1,3.4880552,18.239214,86.309921,53.241356,26.472792
1,0,3.9747007,22.332018,75.575264,71.518829,21.851755
2,0,2.4877396,17.092731,76.199409,67.079247,26.124781
1,1,3.8481841,17.517675,67.377541,69.338615,22.085199
1,0,3.5445838,18.782967,92.020592,75.6558,29.796299
1,1,2.6505575,17.117542,79.964363,71.747169,21.520151
1,1,2.9277153,17.154581,77.096077,56.33279,19.173227
1,1,3.2742937,18.640186,85.87204,85.508118,26.687994
1,1,3.5347197,15.983134,80.329971,70.3125,27.67314
1,1,3.1117897,20.133142,80.078415,63.83609,27.789927
1,0,2.9406331,16.914652,61.107876,63.438515,24.292791
1,0,2.5922058,17.048727,96.718155,71.869362,24.036402
1,0,2.7094128,19.046938,70.477287,61.132992,17.092117
1,1,4.2945065,15.592413,64.835777,71.902321,20.754053
1,1,4.2411757,17.172369,93.636436,59.615314,21.485603
1,1,3.6965766,24.393839,91.309151,60.643917,25.239548
1,1,3.3739474,24.04669,88.816498,71.947403,24.325464
1,0,4.1412902,19.431808,86.502434,70.078918,26.536978
1,1,3.1318166,19.690258,98.563934,83.855171,31.763676
0,1,2.887711,20.453474,84.430069,74.189049,16.698368
2,1,3.2524087,17.699831,70.288734,59.498322,13.841324
1,1,3.2338712,21.511189,73.536354,64.037888,17.405516
1,0,3.2115421,18.146267,92.382011,67.707283,25.291149
1,1,3.4395094,19.507229,89.107552,64.185074,14.6513
2,1,3.6136758,17.595154,102.10903,77.720757,20.967936
2,1,3.8599722,21.038763,98.920738,91.902306,23.420439
1,1,3.1039143,17.570076,78.475197,59.560272,22.044788
1,0,3.2233756,15.250695,63.601753,54.957462,28.446516
0,1,1.7959429,20.752142,89.585876,63.117138,28.703856
1,0,4.3402672,22.818748,85.441528,81.340919,26.908379
0,0,2.1887984,19.618532,91.244858,66.043663,14.486168
1,0,3.7068186,19.660852,68.009773,70.014687,22.462328
1,0,4.0407329,20.245684,86.68531,69.443726,25.296494
2,1,3.1605916,17.620407,89.158287,76.880074,21.836855
1,1,3.6580377,19.289101,78.745094,71.203934,18.448162
1,1,3.3642938,18.662804,90.234535,72.982613,20.569935
1,1,2.4315946,16.238779,70.574165,48.995056,28.218977
1,1,3.8732944,18.702099,81.36306,56.163681,27.622269
1,1,3.1937604,19.848822,55.681641,72.817108,24.013418
1,1,4.067688,21.617477,74.860207,66.641129,23.551638
1,0,3.5729487,20.024927,79.825478,60.446381,17.606428
1,0,4.0292916,20.898516,84.42363,84.027275,25.462826
2,1,3.493464,17.102589,91.999352,67.997978,18.402124
1,0,3.5182776,21.843668,95.461128,67.314804,22.251888
1,1,3.2767603,17.840708,78.01075,82.562378,27.309961
1,1,2.9999804,21.503822,84.793907,84.333221,22.037909
1,1,3.5751636,18.264257,88.481827,52.764023,22.506994
2,1,2.908957,17.910303,63.32037,64.86483,16.854788
1,1,3.7412229,18.493074,96.936859,66.729004,19.708944
2,0,4.1675725,19.300066,98.056351,75.296013,22.813129
2,0,3.935065,15.749633,77.998352,68.393906,19.174822
1,0,3.2644653,17.100533,78.692039,71.592484,24.028519
1,0,4.3112245,17.85055,74.043121,91.369431,29.052969
1,1,3.6987488,22.609322,87.879189,78.480484,22.253229
0,1,2.5887637,18.447714,68.089867,63.03751,22.873926
1,0,3.2908196,18.058487,96.131828,77.047119,20.513512
1,0,3.4076436,20.588974,78.895287,87.572487,30.390581
1,1,3.6383545,17.408873,83.296379,66.052177,20.902359
0,0,3.2568264,16.118174,77.820351,87.339668,28.115646
1,1,3.0063186,18.349209,79.32016,61.388802,22.216373
0,1,2.6883941,18.760096,74.528191,83.077164,28.103231
1,0,3.2931335,17.178223,79.144646,51.103939,19.734959
1,1,3.9670231,20.255951,80.022964,67.785339,22.263195
1,0,3.518456,19.098717,92.804016,60.244442,27.169008
1,1,3.5892308,18.40938,71.700783,70.888046,22.58795
1,1,3.277276,19.736574,72.815773,78.40741,20.861818
1,1,3.6382036,19.297497,78.620369,66.049179,16.469425
1,1,3.4820526,20.908213,102.78237,67.4356,18.252659
2,0,3.9068148,20.384211,81.186317,84.091629,27.30542
1,1,3.8047945,21.737741,88.166267,61.981525,11.439872
2,0,4.2760048,18.304081,79.09024,69.982193,21.83884
0,1,3.3602865,15.899095,87.999741,64.093292,22.9111
1,0,2.825937,20.101074,89.407921,55.597145,16.507557
1,0,3.4856184,20.634808,75.687622,61.844818,20.612137
1,0,2.629931,16.051397,63.556007,65.989532,26.348915
2,0,3.2415314,17.329611,75.226875,72.431458,17.047306
1,1,3.0938599,21.63529,99.382004,71.085114,25.635967
1,0,3.1404023,16.17687,72.432564,70.731529,17.36981
1,0,3.743027,19.91757,78.061432,46.574661,14.783519
2,1,3.4773464,20.032284,80.690247,72.873291,20.176355
1,1,2.5630798,19.688889,80.803947,94.139961,25.118177
1,0,3.9705544,20.051443,90.746506,70.760338,31.365253
1,1,2.6070287,12.973595,73.590279,66.571892,16.418823
1,0,2.9544165,17.590878,79.157166,58.706257,16.110174
1,1,3.1384611,23.234198,103.22575,73.897156,17.008106
1,1,2.8692427,22.250637,92.190033,78.829689,32.797848
1,0,3.9956617,20.785946,68.735168,71.049896,26.987686
2,1,4.1367259,19.279175,84.439217,75.52037,26.08651
1,0,3.7210593,17.696632,74.655464,67.324799,24.350409
1,1,3.0689411,19.491148,77.896568,55.017292,24.645996
1,0,3.0889256,21.835915,88.556602,63.593601,16.130671
1,1,3.6977737,18.906345,83.56945,66.586182,20.521019
1,1,3.4141695,16.22006,70.265678,50.124256,28.585644
1,1,3.6351945,18.455093,59.117256,64.688026,22.181192
1,0,4.3700724,17.39695,81.832016,73.136688,32.558781
1,1,2.8946643,17.993713,56.464703,76.838364,23.725563
1,1,4.225554,19.393469,95.312752,71.671127,26.085865
1,1,3.2326801,17.332577,80.243889,57.106846,21.204535
2,1,3.4106224,16.55846,88.556725,77.732826,20.496611
1,0,3.8662214,16.592911,58.970482,76.648224,21.249413
2,0,3.8553486,23.156019,92.708054,78.750877,26.568218
1,1,3.9264529,25.180552,95.3078,82.16526,27.687328
1,1,3.2580564,16.270252,70.043442,51.336926,19.043974
1,1,3.4814878,20.165096,70.454643,57.261124,15.163964
1,0,3.0222921,16.067356,65.987747,49.649162,17.135588
1,0,3.3667099,19.137953,102.34776,74.795784,21.885517
1,1,3.5415461,18.152674,54.501434,63.917496,25.282873
0,0,3.0386961,22.234917,108.53794,66.016228,26.715881
1,1,3.3315067,17.058575,74.570198,72.505089,22.859804
2,1,2.794791,22.992392,74.152939,60.637527,18.111132
1,0,3.6252849,19.024515,63.20396,70.691124,27.732552
0,1,3.4068568,22.286596,83.308975,82.548752,21.547052
1,0,4.6072001,22.21277,82.491714,78.393913,26.771704
1,0,3.848851,25.12537,83.44239,83.586784,19.912535
1,0,2.8097138,20.430407,80.478287,62.136822,31.879015
1,1,4.2367492,21.833771,79.809448,68.54631,28.07514
2,1,2.837265,18.803173,63.270599,73.87677,25.517216
1,0,3.1400566,16.906668,88.560089,72.513229,22.834044
1,0,2.7032852,15.662823,73.116814,49.289215,18.708107
1,1,3.4741733,21.293243,80.170128,73.02507,16.418468
1,0,2.4305465,17.575285,66.769051,69.355911,21.589184
1,0,3.7288594,18.648287,86.179871,79.379524,24.798006
1,1,3.7364385,20.29594,74.816368,79.73307,17.981661
0,1,2.2442558,17.349495,83.196419,66.150185,27.415539
0,1,2.6373346,19.411192,98.237595,58.072529,22.850588
1,0,2.9907098,18.828053,79.359962,64.356651,20.713793
1,0,4.4938912,24.05975,77.528038,64.203979,19.848248
0,0,2.7382047,16.177311,79.380272,69.925369,15.585284
1,0,3.6260307,18.308296,78.215652,59.956852,18.801783
1,1,3.4839911,19.207539,76.21505,79.601372,18.999813
1,1,3.5694456,18.570074,80.329178,67.125526,17.957365
1,0,3.5105672,22.029942,102.35596,79.51123,30.568521
1,1,3.5826974,18.998274,78.339012,82.68885,30.664862
1,0,3.1149814,18.461689,76.163818,70.858688,29.984329
2,1,3.4965754,18.482084,80.501732,78.171509,22.742125
1,1,2.6825559,17.682768,60.537407,54.718689,24.430895
1,1,3.618582,20.614384,99.458717,71.276054,23.573029
1,1,2.5155931,19.098742,69.411911,53.092766,20.142542
1,1,2.5828898,15.543756,68.969398,66.995171,26.058378
1,0,3.4824314,17.784216,71.581726,66.334923,22.538479
0,1,3.8519206,20.125124,94.940292,78.108261,32.625492
1,0,3.4341364,13.829003,73.341331,70.93409,29.238075
2,1,3.1213057,13.568018,75.515617,69.875481,21.586155
2,0,3.4725552,15.96403,75.364899,63.650452,18.785522
1,0,3.7036352,21.947914,90.224564,82.923622,32.44809
1,1,3.0519955,15.781459,97.589844,51.108669,15.919393
1,0,3.1355419,21.177727,82.36734,75.677071,22.264414
0,1,2.3144898,16.582548,69.085236,72.772392,18.227886
1,1,3.6918137,23.373219,91.18634,62.05648,25.704796
2,0,3.2750292,15.67534,71.60865,75.340813,20.242064
1,0,3.1250055,17.653515,78.346985,66.864563,28.342266
1,0,3.4529645,19.782438,98.009621,69.933182,24.913088
1,1,3.610399,17.98041,60.682709,75.990822,22.183083
0,1,2.5775785,17.585598,58.234409,71.541016,24.520935
1,0,4.3040695,20.373873,91.896484,70.762436,26.204708
2,0,3.2237043,17.255514,74.377205,46.876678,20.770769
1,0,3.5831709,21.010729,100.52731,59.463211,26.248978
1,1,2.8177223,17.425066,76.967972,77.443466,29.579283
2,1,3.1857967,18.303211,99.060898,51.73003,25.177517
0,0,3.4097791,20.136818,77.844666,70.505325,21.404636
1,0,3.7698538,17.721422,61.572983,61.138569,16.657984
1,1,3.3785856,20.018595,85.014236,64.740471,33.306614
2,0,3.338484,19.696159,84.940506,77.267532,25.791704
1,0,3.1704254,20.172564,98.221886,67.185944,21.697886
1,0,3.3776469,16.894415,82.796303,65.30307,24.968082
2,0,2.450711,19.732349,73.392891,65.307159,19.989296
1,0,4.4814487,19.142874,86.391083,74.834526,27.49313
1,0,3.3492718,22.61866,69.757454,74.793015,17.843271
0,1,2.8370671,13.856,68.223465,52.881123,24.930586
0,0,3.0417764,16.914223,91.073807,78.355347,24.587473
2,1,2.7622621,16.60326,80.302101,52.240799,27.067797
1,1,3.1207604,17.821764,69.584023,61.498898,16.880205
1,0,3.6986606,19.251642,80.082687,75.426239,23.379496
0,0,3.3781445,13.629715,72.63678,52.200523,21.934765
1,0,4.1303034,19.624184,69.331696,76.043663,19.005468
1,1,3.1190534,17.117458,64.823059,60.59182,25.632406
1,0,3.6928685,23.970823,94.374054,78.361702,25.043428
1,1,2.810066,19.267706,76.109077,79.519958,16.246477
1,1,4.1801262,20.065443,93.233704,67.882141,26.758957
1,0,3.4576824,16.851418,65.366241,72.209991,25.969805
1,1,2.4920826,16.586374,91.433983,63.283203,21.369518
2,0,3.9977098,23.745647,83.434799,84.199081,17.102835
1,1,3.8957736,25.659643,96.314796,62.992271,21.134388
1,1,3.7165954,21.403944,85.091431,75.201408,25.795626
1,0,3.8328807,23.147757,88.719017,57.779732,29.634647
1,1,3.6960182,21.958899,74.387703,68.963844,12.533564
1,0,3.2670743,20.016941,96.403259,50.773251,23.664921
0,1,2.7673087,20.39978,99.935295,66.178513,24.500135
1,1,3.2434552,17.846123,81.706146,64.201134,25.288912
1,1,3.1278048,18.341286,79.75676,63.534267,20.076496
1,1,3.4835916,19.302782,66.543854,56.667721,18.386497
1,1,3.0610149,17.256483,67.404846,60.249081,24.667791
1,0,3.4275343,18.37196,78.799805,60.049389,19.224739
2,1,3.7170234,21.322472,79.219284,75.98378,20.253695
0,1,3.0533328,18.996758,84.953033,73.290695,23.221035
1,0,3.6692126,22.318426,74.483788,74.55442,19.830456
1,1,4.311872,20.616785,88.942719,61.409622,21.391806
2,1,3.2531085,21.130493,101.11497,62.139763,17.998131
2,0,4.1731291,19.160801,84.186302,71.734802,30.309944
1,0,3.5285454,17.367636,69.398621,57.754128,18.007421
1,1,3.6452782,17.129204,83.412941,81.718437,29.146418
1,0,3.3394115,17.387226,77.223724,62.482048,18.272821
1,0,3.0581913,16.848421,80.512589,67.67807,23.233578
1,1,3.2088559,20.80076,69.963425,67.640053,23.862963
1,0,3.0604115,19.01318,79.308548,72.415955,25.696505
2,0,3.2558358,18.10766,70.676949,72.65905,19.258598
1,0,3.8964279,19.40033,84.902657,75.836746,23.587162
1,1,2.8695228,22.39526,91.547653,51.023468,20.751488
2,0,4.1062841,20.11969,83.788216,66.976509,20.495867
1,1,2.9937675,20.016687,75.675232,66.708817,25.462301
0,0,2.8870542,22.074009,74.769508,52.959183,24.297064
1,0,2.8681788,19.11672,87.745232,49.19788,25.355568
2,0,3.1702874,18.854076,87.55938,52.466408,16.780218
1,1,3.5774899,20.102936,69.237999,79.351738,26.350838
0,0,2.5229039,13.13987,78.940544,57.014446,22.598307
1,0,3.3870618,20.839298,87.368576,76.460106,19.552382
1,0,3.6216009,23.185461,98.511688,85.683807,30.58074
1,0,3.1700914,21.080893,87.126877,62.881321,32.073917
0,1,2.8934901,18.499575,75.740952,74.511627,25.04756
2,0,3.7976573,16.244629,88.342506,68.290695,25.898582
2,1,3.2302351,20.287445,92.59906,65.265518,24.492393
1,0,2.8786891,17.351957,63.791561,66.363884,20.147326
1,1,3.8365114,20.974539,82.124916,80.333763,29.855804
1,0,3.9266415,17.143091,95.593964,74.509453,27.112524
1,0,3.0677104,16.369659,72.81356,72.807472,26.825583
1,1,3.227921,18.666683,79.718208,59.2463,22.537867
1,1,2.6932724,16.321737,70.522667,50.248535,19.822626
1,0,3.1033421,19.174358,91.373749,83.921265,29.748594
2,0,3.8149045,24.665758,91.925034,72.483246,23.248789
2,0,3.4938126,15.359106,82.054657,58.376205,14.842668
1,0,3.1363907,17.638117,83.008003,60.985405,20.199308
1,0,3.5268564,18.833532,78.436714,69.513611,14.117025
1,0,3.0447388,19.43675,76.084,58.062016,15.390671
0,1,2.6747038,13.044726,81.3069,48.506268,21.936422
1,0,4.0928278,17.363983,70.891472,59.383896,17.565191
0,1,3.1393132,20.893749,82.851418,58.110779,17.16395
0,1,2.3825283,16.849804,83.283531,47.611065,20.517124
1,1,3.4018269,20.946745,86.568802,68.646133,30.803509
1,0,3.8021381,15.358379,85.420677,57.566563,20.778809
2,0,3.9862182,22.475794,95.316467,69.501205,19.18651
1,1,3.5194705,18.180653,70.979919,67.381577,22.316774
1,0,3.7318242,18.706364,71.226051,69.310959,31.64542
1,0,3.595382,17.959967,84.202354,66.819588,17.8734
0,1,2.9181266,18.682056,69.468025,89.006271,23.672283
1,1,2.981025,22.869961,93.390869,93.367058,30.120346
0,1,2.7472017,18.959538,85.925133,52.500641,9.770052
1,1,3.0346026,22.911591,92.141907,83.30072,24.670063
1,1,3.7760117,18.745783,84.336845,62.360519,24.292673
0,1,2.6090693,19.714661,98.516647,71.861122,20.111111
1,0,3.0729611,15.676698,95.090302,45.701046,25.280525
1,1,3.8623605,21.530672,97.199867,69.642395,23.099024
1,1,3.6299312,19.102011,84.002274,55.730721,23.63343
1,0,3.2224147,12.835632,83.162811,50.306347,18.584652
0,1,2.8275599,16.323875,63.327492,56.948704,21.068256
1,1,3.11678,16.021576,80.864098,64.221336,19.204401
1,1,4.0102425,20.03812,87.86512,82.664124,21.221663
1,0,3.3976018,21.092457,78.053513,76.866333,23.241461
1,1,3.3521824,21.12203,99.271042,67.375519,27.995787
1,1,3.0842764,17.456146,75.256958,61.313915,25.3274
1,1,3.0797527,20.391834,98.475357,42.822254,24.28669
1,1,2.8790755,17.505846,74.898666,88.443077,26.462572
0,1,2.491302,21.164589,104.45985,76.537231,25.26741
1,1,3.0459051,14.298493,72.599556,47.31208,25.154449
2,0,3.8827934,17.598194,75.645767,62.573509,15.717658
1,1,3.1401129,20.50799,94.037491,78.393272,29.352156
2,0,3.8790228,22.959381,95.294586,71.833786,30.682261
0,0,2.5002985,14.978266,78.415649,49.937275,21.526722
2,0,3.6546874,18.16362,87.557091,86.867401,24.313391
1,0,3.1316874,16.044832,67.972763,63.046516,16.722933
1,1,2.7034228,17.563082,77.818474,81.659889,28.190741
1,1,3.9981689,17.948704,81.83152,70.280647,30.488689
1,0,4.1606503,19.866455,74.918823,70.938805,31.678162
1,0,3.9568377,22.443804,81.473885,73.180679,28.676348
1,0,3.4471831,21.605169,86.458069,70.181747,28.594265
1,0,3.0889018,18.293976,93.760658,56.504719,24.88154
1,1,4.0505486,17.689884,100.37881,56.919945,21.323309
2,1,3.8618777,24.596403,83.797539,80.231339,22.05302
1,0,3.67888,20.401884,94.097015,58.109936,25.047194
2,0,3.7134809,18.931189,84.132835,50.306835,16.901016
2,0,3.0783312,20.511103,88.550545,70.415916,25.268806
1,0,3.564234,20.483658,69.17482,77.046295,19.32523
1,0,3.4848206,20.942766,87.711494,84.648048,20.83581
0,0,3.1445274,18.737961,88.351738,58.408722,16.829109
1,0,3.2409301,23.078093,66.50351,73.801071,19.920685
1,1,3.6683636,20.875845,71.91169,65.919044,20.280048
1,1,2.9393964,16.873981,75.637428,72.826294,20.419298
1,0,3.0484891,16.721296,82.020752,70.759842,24.0695
1,0,3.1709232,18.057962,85.772789,75.663071,19.514515
1,1,3.7646384,13.368671,65.197327,64.539711,25.018696
1,1,3.0154066,17.630499,87.112328,81.779991,24.394175
1,1,3.4615552,18.970661,67.177536,66.474144,26.389233
1,0,3.7961833,21.957369,82.848373,66.963371,19.45792
1,0,3.687752,19.908726,78.302216,70.134102,23.831482
1,0,3.7944279,23.71254,94.231453,57.249599,22.133465
2,1,3.3499079,17.255119,73.991722,66.65387,16.444614
1,0,3.6288588,19.802799,89.625786,72.142586,23.416042
1,0,3.5359623,20.937052,91.295418,73.517769,26.943527
1,0,4.175662,22.021971,95.688324,76.330521,27.593071
0,0,2.4304631,18.181261,85.525047,78.558846,26.859005
1,1,3.2746608,19.959778,76.265244,73.561371,33.709499
1,1,3.4490921,19.677637,84.920067,72.43811,19.591932
1,1,3.5160048,22.340872,75.725632,75.400391,28.463177
0,0,2.6756239,18.611193,81.379845,65.964272,26.887562
1,0,4.0172224,21.558231,89.041885,66.99144,26.474077
1,0,3.9421227,20.933308,82.207092,78.054459,23.947071
1,0,4.3934469,22.730024,96.39164,74.300613,31.918917
1,0,3.4786503,18.024744,81.54364,73.530296,23.185738
2,0,2.934679,13.684643,78.295883,63.073715,20.464527
0,0,2.3550575,18.526535,87.854294,55.928925,19.065159
1,0,3.6598918,18.307899,60.146996,64.429893,18.798639
1,0,3.4864783,20.736639,71.432877,74.887741,24.099279
1,0,2.2399938,19.153862,88.747765,54.358845,22.623852
1,0,3.2496719,15.488467,72.247314,55.454662,24.788296
1,1,3.4715145,21.44404,79.479515,81.024162,19.69165
1,0,3.7314117,16.586399,79.474915,75.459801,28.501368
1,1,3.6712484,18.198412,90.576378,51.695141,26.269329
1,1,3.5401213,18.368334,87.01088,52.036507,9.6417694
1,1,3.7437823,22.352091,68.976196,44.763767,20.988695
0,0,2.8719854,17.420269,72.765236,84.663399,27.220621
1,1,3.1438794,19.396494,81.544937,76.133186,19.038721
2,1,3.7421851,20.746689,73.96814,76.147194,26.729771
1,0,4.1587672,21.187523,89.007507,67.207359,34.581554
0,0,2.844897,17.920303,62.174484,54.880329,19.648205
1,0,3.321471,17.634939,81.666962,68.284935,25.300375
2,1,3.1142159,15.803342,56.208744,50.956936,16.857449
1,1,4.2132978,18.772844,86.333626,71.062492,25.716648
1,1,3.3403337,19.886641,73.059555,63.325298,24.708845
0,0,2.9473684,16.61018,83.460014,53.444286,22.205359
1,1,3.486594,17.878719,75.174339,73.700096,23.900541
1,1,3.0511503,16.287071,90.439339,79.603798,28.301285
2,0,3.2287722,17.112007,80.644043,58.782413,25.851908
1,0,3.8718636,22.184933,88.843651,69.016861,18.468946
1,1,3.2936151,16.01086,79.772446,52.094841,20.600607
1,1,3.1912563,19.142534,92.998055,85.92598,25.689472
2,1,3.7444906,22.345528,100.38402,82.493332,24.029388
0,1,1.9374267,14.883333,64.710312,61.011036,21.801527
1,1,3.3867433,20.139849,96.093735,67.704239,16.334888
1,0,3.7396371,19.343134,87.918076,52.110462,15.267999
1,1,3.9774733,20.647539,84.494637,79.086998,25.854683
1,0,4.1135345,20.094307,86.266418,59.43779,21.671629
1,0,3.6064193,22.237688,92.615768,86.059097,25.374615
0,1,2.9203532,16.779514,75.955086,79.460426,25.320515
1,1,3.5257673,19.614033,77.694359,62.524868,28.243452
1,1,3.3754463,16.468311,71.570267,61.517109,28.671003
1,1,4.1066952,23.482143,103.8927,73.833519,24.144339
1,1,3.3199492,22.382702,86.617683,61.995583,17.326092
1,1,4.1532025,17.837721,76.990288,78.034088,23.757055
1,1,3.3631616,14.346958,62.850956,46.124695,18.012396
2,1,3.6190574,23.35832,90.516922,84.67556,26.585226
0,1,2.8738172,15.083677,61.175697,57.675133,15.318635
1,1,3.9121602,20.320852,88.412743,83.824898,25.757687
1,0,4.0102372,18.428631,95.321678,75.009552,29.335947
2,0,4.0599437,22.18021,93.465538,57.064556,31.195671
1,0,4.094635,23.030331,87.833153,72.912262,28.731461
1,1,2.6294818,20.370289,68.4972,55.57597,25.480106
1,1,3.8879695,22.377632,84.77301,78.81057,17.532585
1,0,3.4294355,18.017996,85.721916,74.408089,23.334576
0,1,3.4340694,21.192432,89.017914,61.183231,25.028343
1,0,3.7503808,20.104576,86.193375,67.669868,20.453222
1,1,3.52599,22.082109,90.301453,69.994591,25.067007
1,0,3.6228905,15.269398,75.07206,65.303284,17.947617
1,0,3.7870548,23.33497,73.715157,60.834011,21.852398
1,0,3.6352012,17.102228,83.211983,67.301544,27.401924
1,0,3.2721756,17.753515,79.139488,64.328888,19.0124
1,0,4.0361381,20.545099,73.537384,64.035843,20.479473
1,0,3.8949461,19.749146,86.143471,58.160248,17.596703
1,1,3.4935176,16.807812,67.822075,68.673798,22.649714
2,0,3.1572185,17.429722,99.314949,70.821426,21.5089
1,1,3.8466556,19.784464,111.46928,79.579132,23.798939
1,0,3.8348556,22.482576,70.815308,79.890945,19.793711
1,0,3.3823438,17.431765,66.25148,70.228447,22.474266
1,0,3.0813639,20.992357,70.177116,74.158913,23.742725
1,0,3.1261017,22.082155,108.28143,76.770531,20.345936
2,0,3.9762461,15.865581,76.785782,60.666061,23.836885
1,0,2.709527,19.039259,76.112129,70.474121,18.319401
1,0,3.6234362,21.36195,96.895866,59.032433,23.074013
1,0,3.7348337,21.046852,71.47406,60.520393,25.829535
1,0,3.2168543,20.391258,80.520607,61.254055,20.6052
1,1,2.6069677,17.245111,80.166679,61.180782,19.38022
1,0,3.5577769,17.712742,69.028084,70.656136,22.821793
1,1,2.7796268,19.197157,91.487785,64.896309,22.362665
2,0,3.1682544,19.328808,85.136269,54.786888,23.640488
1,1,3.517874,20.422091,82.763336,75.901672,19.11676
0,1,3.0534396,16.223791,71.212944,63.093872,26.211256
1,1,2.9463074,15.220019,60.663147,61.884724,23.789717
1,1,2.7084086,17.299295,71.42659,64.442146,20.590616
2,1,3.351728,20.95183,95.707283,60.296745,16.377108
1,1,2.8631022,18.028982,76.827515,70.078491,19.938204
1,0,3.2596612,16.844433,84.423294,64.164291,17.941074
1,1,3.3571432,23.315405,82.064285,76.110481,31.423031
1,0,3.2057266,16.62657,70.731964,72.265213,28.21072
1,1,3.4165862,15.4213,67.466042,71.802376,24.356039
1,1,3.4730732,21.657946,76.925156,68.990456,18.528561
1,0,3.7168446,19.377769,65.030411,64.870216,15.829807
0,0,2.9919152,13.719916,84.639,50.705322,26.168388
1,1,3.6747663,22.296076,97.087555,78.091034,20.321325
1,1,3.0001879,15.849394,81.402122,76.480614,26.121035
1,1,3.2508218,21.300055,106.97185,66.823151,17.306105
0,1,2.4142311,12.558926,75.024628,55.01804,13.202725
2,1,3.6168425,19.661448,83.233665,65.034325,21.037743
1,0,3.8051937,16.591677,90.581848,74.145325,22.493851
1,1,3.9139776,16.545742,84.843719,56.489841,23.951759
1,0,3.7161992,22.853327,81.931709,65.717674,25.020914
0,1,1.8052943,16.446211,76.367142,55.41893,9.177124
1,0,4.0173159,21.9079,74.369141,73.518921,27.585838
1,1,3.8082671,18.045507,73.267189,75.700623,20.771852
2,1,3.9560483,19.605772,80.140602,66.011978,21.482393
1,1,2.9261639,15.297308,78.790581,59.696041,10.937073
1,0,3.0929,18.7318,87.647995,66.674522,20.727478
1,1,3.8928225,24.402678,82.212601,66.071663,11.954797
2,0,3.6533515,19.107431,81.622559,57.865044,20.421293
1,0,3.7080224,20.531942,73.164963,62.820698,22.795044
1,0,3.8542068,19.867411,93.380081,76.909676,29.491659
1,1,3.6404986,20.353504,95.772903,64.884941,20.109917
1,1,2.5118639,19.81538,74.771103,73.293053,25.213514
1,0,3.0616148,17.953573,86.086838,66.968864,17.137646
0,1,3.0949893,18.579252,97.782791,64.140923,22.182652
1,1,3.1505711,19.462244,91.12587,87.617722,22.55435
1,1,3.7209253,17.138531,83.59407,69.193565,23.18128
1,1,3.4951634,21.703133,96.885994,67.477516,25.711084
1,1,3.6690016,20.280762,88.062614,49.133144,17.911613
1,0,3.0612409,16.076456,91.150299,74.353645,19.989441
1,1,3.731108,20.352139,75.461273,72.618973,23.754326
2,0,4.4408288,22.410282,79.44442,83.305855,26.073767
1,1,3.2209425,19.099112,98.325829,68.328949,15.88992
2,0,3.2509761,16.647589,74.250748,57.203381,16.221741
1,0,2.9285481,19.766758,82.352501,60.40337,18.932127
1,1,3.0767438,20.866142,80.600655,70.191223,14.826095
1,0,4.1093788,18.50268,89.764992,62.246777,21.261749
1,0,3.9414675,20.167692,73.430069,63.896622,28.001257
1,0,3.041152,20.464354,103.12395,84.504089,27.239256
1,0,3.4812934,19.964661,68.745399,74.862099,17.744602
2,0,3.714705,18.095823,72.985435,57.02095,25.262747
1,1,3.1482852,20.268284,84.956444,60.232773,16.989082
2,0,3.8593006,18.036779,73.534416,64.489113,28.434284
2,1,3.6541622,20.926184,84.324799,80.234688,19.804293
1,1,3.8109949,21.029488,88.7939,76.547859,26.185921
1,1,3.1762121,16.520351,73.421181,53.342617,20.304451
1,1,3.5695617,19.116156,92.078285,70.359268,19.600996
0,1,2.7529783,18.054291,88.793259,53.871078,13.268991
2,0,3.6360767,20.857224,87.404686,80.122025,21.140053
1,0,3.878701,15.525252,88.796059,55.056095,28.173817
2,1,3.5414176,22.600306,102.2569,55.637959,19.492031
2,0,3.2375216,20.337574,77.611397,66.62262,23.319393
1,1,3.9510372,21.887995,94.346687,87.293472,25.409981
1,0,3.8071775,20.645161,76.499168,86.618767,21.249434
1,1,3.0787008,19.24086,72.485802,74.442207,18.46726
1,0,3.2205186,21.537903,60.347763,71.475296,19.502365
1,0,3.0763369,19.587248,89.440941,63.003094,16.773252
1,0,3.9278841,21.147432,89.088348,68.462372,21.054771
1,0,3.3938224,20.367531,87.036934,68.493515,25.744005
1,1,3.6780298,19.368181,91.330498,67.831406,25.46067
1,1,3.2051928,19.036524,88.41806,90.223351,21.308067
1,1,3.8143394,21.608,83.88382,67.252304,31.457588
1,1,4.0948853,21.250162,81.220673,73.705482,22.875463
1,0,3.3215761,17.747004,91.812561,76.570442,18.381968
1,1,3.516504,18.304567,74.395554,76.172218,20.661247
2,0,3.434294,19.647039,74.110214,82.503571,26.926697
1,1,3.1798184,20.041155,78.005569,82.678627,28.541355
1,1,3.3948085,21.849737,71.31192,75.607788,25.248924
1,0,4.4796767,17.993612,79.698578,67.955605,21.917078
1,1,3.7266517,21.889494,84.348404,91.709991,33.068935
1,0,3.06201,23.034634,107.14206,73.23214,27.829063
2,1,3.5522859,19.899204,114.62407,71.418106,25.293385
1,1,2.8234394,18.385538,70.769524,69.439537,18.766588
2,0,3.258316,17.533394,89.026993,63.31049,27.525024
0,0,3.286293,19.982424,86.34053,74.209595,30.128515
1,0,3.65132,21.908403,93.465775,58.058537,20.354424
1,1,4.0400414,21.947166,81.811707,68.749344,19.945143
2,1,3.0905557,19.091316,86.258209,52.239262,13.299165
1,0,3.1205413,19.430801,86.778336,73.826057,28.342505
1,0,3.6278403,19.287943,93.532516,90.57872,17.842966
1,0,3.3006654,20.000736,83.830399,82.567863,29.591291
0,1,2.7680142,19.61401,77.162468,62.228371,23.882923
1,0,3.3281779,19.95813,116.17271,68.503395,29.973412
1,1,3.2800453,19.594927,93.099854,71.611763,32.570042
0,0,2.6883345,17.680462,81.588089,39.978168,15.908788
1,0,3.9937878,19.64896,54.936001,62.718197,18.722895
0,1,2.5047727,17.67807,100.73253,55.420216,16.229614
1,1,2.4688871,18.388603,74.962975,65.471695,27.056969
1,0,3.9592388,22.566311,84.558861,92.536194,22.656191
1,1,3.2436163,15.824178,72.18779,56.369324,26.459473
0,0,3.0084269,18.674641,85.541306,74.795464,21.691706
1,1,2.9780765,21.884701,81.029831,68.906013,27.005306
1,1,3.6401167,21.003395,91.568863,78.795982,21.177616
0,0,2.8746617,19.124743,88.639023,80.626923,21.303225
1,1,3.7412717,19.339678,81.54567,59.787434,15.367561
1,0,3.2963274,21.502481,86.948891,67.344513,21.076775
1,1,3.3946621,19.946533,79.944664,84.911911,29.694981
1,1,3.0194259,19.353422,72.807129,71.30368,24.092009
0,0,2.462867,15.863559,79.568985,66.347984,22.958307
1,1,4.0481858,21.204096,88.054497,70.646942,20.981155
1,0,3.4522066,18.188665,67.566597,58.405628,10.253821
0,0,3.3700111,20.596224,89.128708,67.299301,24.113691
1,0,2.482456,16.553583,75.097694,75.318886,30.365482
2,0,3.7255356,21.807444,87.741234,65.19091,26.468464
1,1,3.9541724,19.185143,80.995239,61.414921,21.596996
1,0,3.7890215,21.037792,80.261642,66.924431,22.41633
0,0,2.8142519,19.140865,81.075737,66.882332,22.333607
2,0,3.4264154,18.117126,73.581383,64.390038,17.463821
1,0,3.8721237,21.051483,92.270691,81.942795,18.248753
1,0,3.2641375,18.234333,73.823151,54.468914,19.662294
2,0,2.9724987,23.31251,85.469978,62.596355,22.580637
2,1,3.4478755,19.506247,91.955307,69.384842,24.476198
1,1,3.737299,19.16737,89.74498,49.781361,19.685219
2,1,4.4791455,20.586096,93.420059,76.431732,19.058622
1,0,4.035943,19.392939,90.991028,60.560059,26.441948
1,1,3.1703608,19.625963,83.70507,68.222824,20.836855
2,1,3.6953869,23.238834,79.486183,65.931793,26.444206
2,1,3.43519,19.025496,75.535027,62.530949,28.90308
1,0,3.2823906,21.761066,63.54446,79.451813,26.078201
1,0,3.8263853,17.673611,80.481331,50.931129,14.655175
1,1,2.9037693,15.126417,62.536819,69.180374,17.893244
1,1,3.8594379,18.137617,86.7351,51.851852,23.096746
1,0,4.0725217,18.821821,98.826591,70.653099,30.438196
1,0,3.869035,16.269787,82.731262,68.382088,25.714563
1,1,3.1240289,18.987549,110.41918,84.557968,28.249704
1,1,4.3316045,19.506256,88.24498,67.317719,18.701447
1,1,3.4823368,11.568136,70.812836,48.262722,23.167742
1,1,3.8368363,18.40234,87.260811,68.866821,22.383301
1,1,2.4557853,16.653139,79.860359,67.941467,23.843393
1,1,3.45965,22.583935,81.914345,58.75309,26.994663
1,0,3.5219879,20.790789,77.069511,76.592194,24.116732
0,0,2.6696823,15.108254,92.904877,86.332314,22.082367
1,0,3.8112831,19.672626,105.15147,69.231163,25.292778
0,1,3.1519089,20.803812,83.298431,81.411102,26.862505
1,1,3.9391737,21.193279,99.039848,79.81514,32.245102
1,1,3.0656815,22.164331,102.38609,81.612633,28.146894
0,1,3.1125522,22.462133,98.772636,63.701248,26.269033
1,1,3.3049521,18.071899,97.029076,65.620071,23.909237
1,1,3.6796815,18.878845,75.710503,75.238533,27.590816
1,1,3.6240084,20.376934,82.272476,79.415184,22.721724
1,0,3.8939078,21.115036,71.253967,68.170876,25.917652
1,0,3.27667,18.62851,78.127724,69.317924,23.768482
1,1,3.9158444,18.30723,89.883987,68.49958,20.760746
1,1,2.5704362,16.885918,82.141975,61.913574,20.782829
1,0,3.3895204,19.571194,86.582619,81.340462,24.865152
1,1,4.0663009,21.012592,93.41497,78.394852,21.920549
1,1,3.3692596,17.635942,66.171143,69.687546,23.942877
1,0,3.161772,20.912992,70.931282,73.432632,21.547213
1,1,3.9944251,19.459368,74.88163,70.148796,19.886297
1,0,2.9377632,18.139542,93.300941,66.051575,26.265217
1,0,3.7726254,21.921364,74.545792,69.717224,21.241894
1,0,4.0962973,18.241346,102.36947,71.286156,19.408684
1,0,3.8601818,17.410564,86.796043,61.362648,16.672331
2,1,3.8051233,21.797844,88.188583,79.413376,28.898964
1,1,3.0014567,15.877302,82.715096,60.827629,22.195091
1,1,3.1474652,17.402035,83.414421,77.7314,28.124666
1,1,3.7445912,19.448273,101.53845,78.296478,27.695354
1,0,3.5715513,16.580072,80.62484,67.794785,28.246311
1,0,3.6689212,21.876303,87.626144,73.725304,24.287945
1,0,3.8819129,20.396856,82.303726,77.260864,26.973425
1,0,3.7841101,22.262049,92.574211,77.301765,28.193214
1,1,3.185956,19.238136,68.982155,78.849754,27.93973
0,0,2.5628366,17.651043,77.611038,74.956421,28.657869
2,0,3.2074399,22.076365,86.62487,64.348152,23.800472
1,1,2.6446567,17.446939,82.89093,75.334846,19.067785
1,0,3.5970216,15.717297,60.852371,66.051208,28.21521
1,1,3.5077741,19.526863,88.765694,84.343491,26.205244
2,0,3.7082596,24.003511,83.124191,70.864174,28.366957
1,1,3.4000115,17.469328,88.055641,62.841934,19.247656
1,0,3.4100642,14.727594,70.779572,56.140312,15.456155
1,0,4.853363,18.321005,83.043808,76.224503,24.865276
1,1,3.4985144,15.965996,84.967384,52.869801,20.583216
2,1,3.5554802,22.245392,89.439545,58.914604,20.623899
2,0,3.0514812,15.976086,82.12838,76.453751,29.842665
2,1,2.6739364,18.399567,79.95182,62.58382,22.813215
2,1,3.2998562,19.178179,72.906128,61.098083,22.869816
1,1,3.6656473,15.450627,77.020866,51.208702,18.675085
1,0,3.8374581,18.267879,72.576004,70.432106,19.445456
1,0,4.0066977,21.541889,85.346375,57.169277,26.074066
1,0,3.0301716,17.807774,79.250877,75.40123,32.912815
1,0,3.7620771,24.041731,77.068779,86.273232,22.470678
1,0,2.8337986,16.404972,68.716621,67.29155,19.98572
1,1,3.0597034,17.371555,84.867035,70.314728,22.961695
1,0,3.0930927,13.626729,76.567642,74.726578,18.291992
2,1,3.9653234,19.613909,85.141449,62.674927,29.762873
1,0,3.4701054,19.540646,77.874649,68.680672,26.303564
1,0,3.5349088,21.529957,103.38175,75.184326,28.88888
0,1,2.4703412,17.568962,88.776039,57.231541,9.7942486
1,1,3.8198164,19.037512,91.409256,58.963955,15.210807
1,1,3.7926645,21.710274,75.64859,75.942039,30.497108
0,1,2.7977612,20.514557,73.027679,70.896378,23.587042
0,0,2.7449596,16.10673,81.590096,72.920837,23.645754
0,1,2.947377,18.560087,82.029655,67.936356,30.396646
1,1,3.0081592,18.946848,63.313904,78.525841,22.692636
1,0,3.6788864,17.489279,79.239265,51.958405,19.897072
2,1,3.0666447,16.653028,98.76757,75.659004,23.954565
0,1,2.2392838,18.298119,99.028671,51.319698,14.088706
1,0,3.8757324,17.714535,78.883247,71.881203,24.821667
1,0,3.470643,17.803301,83.373291,72.60807,19.86894
1,1,2.9124191,18.634327,80.188324,65.258179,21.473919
1,1,2.5903111,18.605291,73.484573,86.376839,23.22909
0,1,2.6478391,16.386555,65.363464,60.775566,25.05302
1,1,3.414058,22.332239,110.33202,70.938545,23.207678
1,0,3.3927269,20.213114,101.28268,66.136635,20.102968
2,0,3.5449152,22.866285,77.621414,92.771561,18.834732
1,1,3.5412099,23.330336,94.561653,84.149765,29.246143
1,1,3.164546,18.977081,75.695869,64.835167,23.078728
1,0,3.8901496,17.683544,81.519547,66.9077,21.618103
1,0,3.765105,21.700834,60.310059,63.753075,12.981544
1,1,3.3926027,16.723753,80.053352,69.574432,28.164709
0,1,3.2016878,17.914059,95.591568,73.313133,22.665226
1,0,3.585052,21.210978,89.832649,66.965324,20.237524
1,1,3.5811441,19.799562,88.335289,52.738064,23.365332
1,0,3.7529016,20.014709,78.96553,71.755592,24.659582
0,1,2.3867171,15.917215,79.706635,58.783363,27.605341
1,1,2.8813546,16.184628,68.796837,82.554497,18.724375
1,0,3.3117073,23.515884,84.865547,83.296021,28.367701
1,0,3.1252947,23.450035,53.841568,76.685768,17.92931
1,0,3.1263158,19.764334,89.883743,67.286499,16.570427
1,0,3.5616691,20.565071,83.677643,78.594658,26.68144
1,0,3.8001246,19.403404,83.991188,64.602173,15.042254
0,1,3.0394568,21.149412,90.028809,80.080513,15.350825
2,0,3.8603485,21.358496,72.886429,74.04599,23.542709
1,0,2.8090043,16.466015,80.971825,56.333271,22.781933
1,0,2.8062682,18.094389,62.235447,52.914307,24.309383
1,1,2.7533684,16.84227,83.377121,64.888588,23.837133
1,0,3.7391822,18.079218,87.734863,81.706146,21.194107
2,0,3.9918208,19.270803,73.570618,59.943691,15.079005
1,1,3.4155977,22.165991,81.849838,56.640148,21.653145
1,0,3.9571738,17.983204,77.083603,78.008064,21.930876
1,1,2.0340562,19.494404,79.556549,60.396236,21.977114
0,0,3.1028707,17.974545,95.923172,70.082848,24.168442
1,0,3.0075612,21.869034,95.066208,78.265732,23.881802
1,0,3.3014512,21.196655,104.08456,65.508774,24.744463
1,1,3.2795131,16.847027,85.408722,60.639629,24.66527
1,0,3.1874032,19.308161,76.525764,75.275894,20.418024
1,1,3.9257059,17.79624,86.957664,71.065186,23.772242
1,1,3.2526884,17.938089,73.914223,74.756805,19.601465
1,1,3.2373636,23.245316,82.254631,70.666748,18.737288
1,1,3.4365649,22.346371,91.013527,72.519829,28.71492
0,0,2.9671359,19.035479,68.095924,79.498337,23.416069
0,0,2.4125123,17.012802,66.567909,73.939217,21.485575
1,1,2.044184,18.790165,99.36161,73.33506,21.595207
1,1,3.432158,18.001984,73.875099,68.822334,21.757645
1,1,3.2497189,17.924616,68.088287,73.033134,25.436152
0,0,3.1790123,20.437361,69.618965,76.632225,12.432028
1,0,3.0768247,18.333672,83.280838,75.187714,24.607578
1,0,3.4905629,19.802794,100.31821,80.900681,30.278423
1,0,2.6301391,16.360861,71.426857,55.823952,17.600983
2,1,3.7478333,18.188173,89.99836,54.96917,22.796516
1,0,2.6683006,16.425299,56.396034,61.076294,31.455011
1,1,2.7370293,18.743866,74.056282,63.1446,21.825245
0,1,2.6191332,14.757526,83.748047,64.342804,19.08659
1,0,3.1921608,20.259209,81.415192,65.027016,29.48381
0,0,3.1212742,17.904839,91.679817,60.510696,18.75569
1,0,4.1358299,24.016338,79.749191,88.977493,28.580154
1,1,3.2810719,19.333973,78.045204,74.567482,28.023964
0,1,2.2138476,14.597463,84.253151,57.108498,17.651289
1,0,3.9981155,23.578478,89.89846,76.787109,17.760267
1,1,3.0252621,18.278032,105.55618,75.121597,26.00086
2,1,4.0181303,19.693569,94.314384,88.667046,29.163649
2,1,3.1052151,20.658997,101.1442,68.917,14.753003
1,0,3.5953319,18.449289,64.537361,65.088783,27.040279
1,1,3.1993618,18.306599,82.16468,57.673344,24.682991
1,1,3.4676864,22.502611,98.221123,60.051167,23.034498
0,0,2.2092106,19.937792,77.340591,64.63755,22.374641
1,1,4.0440092,21.828205,92.889999,76.217422,12.598132
1,0,3.4046769,21.219204,75.364883,93.711899,28.699722
1,0,3.8116274,19.915506,99.614388,72.987999,19.675457
1,1,3.0141199,17.830502,76.183777,64.993515,24.214354
0,1,2.818809,18.94532,81.03051,63.669956,18.887012
1,1,3.4696364,16.885136,87.194931,78.285576,21.44182
0,1,1.5439446,17.303419,90.215431,41.556053,23.411419
1,0,3.2361183,20.963993,93.835632,76.66526,28.818922
2,1,3.1355276,18.804754,92.23703,55.756779,23.452759
1,1,3.1452012,18.365221,83.430862,81.034302,21.70233
1,1,3.1107342,17.731461,84.970337,69.379097,16.787443
2,0,3.3362708,18.573641,86.493462,63.740536,20.950216
1,0,3.5820644,19.167166,98.753799,73.820908,24.465361
1,0,3.7568829,17.915937,95.261017,58.715229,13.000061
1,0,3.9710798,20.77951,88.864853,66.109604,16.167786
2,0,3.9105206,23.432293,97.685982,91.060555,28.670818
2,1,3.4938154,15.939914,75.185242,77.678375,26.251741
0,0,3.79211,24.104622,95.051033,83.631401,24.619564
1,1,3.8132763,20.423645,94.214958,71.751335,21.695049
0,0,2.6290007,18.32815,75.487633,62.911755,20.423878
1,1,4.1209698,19.992836,89.276573,78.818344,28.503944
0,0,2.8196948,14.732754,61.697498,51.381676,29.15716
1,1,3.3110473,19.051634,77.671135,56.03997,19.392027
1,1,3.3926311,20.582256,89.343727,54.708946,29.262987
1,1,2.7650433,15.940334,76.28244,62.110321,20.498442
2,0,3.9386134,19.582779,82.429527,78.733826,26.716368
1,1,3.4889877,18.167671,71.48703,65.265846,24.667299
1,0,3.5182879,23.430984,70.442322,59.599007,15.739851
0,1,3.1155653,24.251278,94.131569,60.278221,17.394156
1,1,3.6233709,18.320263,78.29554,66.879913,19.873508
2,1,4.1553187,17.587137,72.407166,73.635475,28.68952
1,1,3.4570725,18.815117,73.557793,56.908726,16.75437
1,1,3.07851,17.440981,97.055229,57.07333,28.073858
0,1,2.5127599,18.839916,84.111351,67.196007,28.313301
0,1,2.4735653,19.468727,93.643364,67.191315,30.984978
1,1,3.1478913,19.650459,89.647911,60.398262,17.280216
0,0,3.1339302,16.796783,77.501411,57.546272,27.477245
0,1,2.3657203,17.080795,74.110901,60.282398,20.367912
2,1,3.3290062,16.042364,80.806808,77.784607,21.819443
1,0,4.366869,24.450197,83.902969,83.979942,15.36369
1,1,3.0229909,17.530228,88.65036,78.952942,22.891899
2,1,3.6819878,17.403286,75.90358,81.546371,21.534521
1,1,3.171484,17.088932,78.789848,62.090992,27.702072
0,0,2.8045042,23.730223,84.761726,89.505051,27.961313
2,1,3.4912641,20.358059,87.972229,78.561615,19.68701
0,0,2.7718344,18.757185,82.759193,74.068932,23.294355
0,1,3.0288277,18.87434,90.444405,56.632919,19.856878
1,1,2.7951539,16.870098,70.82093,47.023533,13.52967
1,1,3.4866192,23.396263,95.500854,76.677307,21.376358
1,1,3.2094183,17.460028,89.945953,59.227791,7.8302274
1,0,3.2219958,21.87145,108.8876,84.657814,26.990583
2,1,2.6600876,17.736418,69.34758,64.342857,30.708675
1,1,2.9535887,15.450715,85.591293,62.19199,27.740715
1,0,3.1790295,16.705591,83.388603,60.921711,33.692783
1,0,3.0890665,17.056065,79.696167,58.195137,30.653704
1,0,3.2795463,20.313169,78.99054,64.892372,21.257381
1,1,2.8549716,24.0732,85.1894,68.884338,23.222475
1,0,3.5059962,19.690334,75.866814,77.169807,27.590956
1,1,3.0809071,18.357836,95.858803,58.464794,24.200388
1,1,2.8760705,19.000576,64.585785,78.14225,27.584702
1,0,3.8949633,20.904467,91.351807,75.878975,19.257532
0,1,3.0728905,19.575081,75.901161,67.63858,12.538621
2,1,3.4624829,21.648899,85.052238,66.824203,24.365147
1,0,3.4120653,17.082262,71.400093,69.551003,21.398083
1,0,3.8532193,17.055466,94.418938,78.52565,24.516392
1,1,3.4549241,18.169704,76.722252,48.901691,13.527188
1,1,3.5310731,20.755791,81.509308,68.468483,29.694651
1,0,3.5538523,18.444374,82.640137,83.185089,21.344408
1,1,3.2540205,22.106348,82.589546,84.511658,20.409538
1,0,3.1366284,14.302012,79.392914,62.9263,33.159088
0,0,3.1625235,16.507835,85.316322,65.771576,20.761316
1,0,3.9811823,23.363964,69.484138,73.55909,20.350725
1,1,4.6170716,23.200586,84.000305,81.418083,24.269711
0,0,3.6953387,15.175529,76.083298,63.955978,30.442177
1,1,3.4575167,17.969395,70.597565,59.809029,16.715742
1,1,3.338733,17.087452,83.73954,65.913071,32.020683
1,0,3.4598963,15.125027,77.379662,51.848946,21.841665
1,0,2.8986273,15.441387,86.383858,49.325851,16.370247
1,0,3.307811,15.507037,81.052437,53.089058,14.361613
1,1,3.7822111,17.040371,93.761772,83.67289,35.983997
1,1,3.0824254,18.446207,79.640884,39.850754,16.178133
2,1,2.924257,15.809837,81.950974,58.888821,18.222275
1,0,3.6355963,21.761469,96.969276,84.731918,23.904297
1,1,3.5665426,24.175993,79.638153,88.168922,19.654587
1,1,2.8837204,20.964014,82.032509,84.006027,32.779102
1,0,3.6882663,19.481939,85.465874,75.206474,19.75568
1,1,3.0662096,18.408136,83.664902,65.948975,19.411968
0,0,2.7431624,17.384691,65.363129,61.45348,22.748638
1,1,3.2132325,19.743477,93.875778,45.73642,14.132742
1,1,4.0212569,18.489754,114.65612,72.747726,22.173843
1,0,3.3684471,24.038425,86.06559,66.351585,19.680548
1,0,4.1767659,15.995247,83.732918,82.268242,21.953529
1,0,3.5359807,17.83744,69.998589,66.769859,17.60524
1,1,3.2525187,18.010141,86.572136,62.550144,20.355373
0,0,3.0303795,17.416042,77.244316,74.05719,21.649538
0,1,3.0259314,19.448448,88.396225,51.411629,23.385357
1,0,3.650532,21.405544,94.355179,64.808037,30.126732
1,1,4.1408443,22.096703,90.204666,68.917252,30.407015
1,1,3.2635422,18.533403,95.047493,66.235825,15.590978
1,1,3.1200256,22.184032,85.918793,73.004211,23.597868
1,0,3.1497781,18.899792,86.126366,61.102802,19.686886
1,0,3.705534,18.253908,67.361801,65.587677,22.124773
1,0,4.1557345,17.770187,81.716187,67.183914,12.903463
1,1,3.7496419,18.03433,87.538284,64.827316,28.828968
1,0,4.1428423,20.489527,71.173958,68.259697,19.853519
1,0,3.1765852,22.258671,87.675705,63.621964,19.552868
1,0,3.1951087,22.824276,99.86544,78.402229,24.718288
1,0,1.8707122,17.117174,71.294792,65.529694,24.725636
1,1,3.2279088,16.194956,103.32854,60.996609,15.523748
0,1,2.3492956,14.682728,71.739769,62.087132,29.124973
1,0,4.1569285,18.418468,87.537918,75.936508,19.044046
2,1,4.4711022,19.146557,102.65973,69.393951,23.632298
0,1,3.9935553,18.50288,80.250526,51.439434,18.61956
1,1,2.6656172,17.36211,78.142853,75.235733,18.983253
1,0,3.2251842,15.977799,81.322342,70.522919,23.186237
1,1,3.1718199,15.603016,81.899979,46.875122,18.504227
1,0,3.5521667,17.637573,80.064835,47.493069,17.591972
2,0,3.3174284,15.413385,82.424492,55.870754,28.174416
1,0,3.1283488,20.652918,87.16851,84.613945,27.514244
1,0,3.0940025,17.450203,79.79026,63.251003,25.516329
2,1,4.3680978,23.651014,97.515488,82.868088,17.34696
2,1,3.4968984,20.269827,75.843582,82.640953,25.011034
0,1,2.3868167,18.882931,73.821098,65.639175,18.548109
2,1,3.6147318,14.612277,102.52941,68.988831,19.58551
1,1,2.7820265,18.53451,75.258606,46.022789,16.495913
1,0,2.3716273,17.993103,78.796219,60.742477,21.377436
1,0,3.8426745,20.275352,81.389565,64.031487,23.725712
1,1,3.3828392,19.771502,75.779037,62.732063,20.383163
1,1,3.2728109,16.296059,68.485054,58.30534,17.147079
1,0,4.1307278,16.950918,71.32341,78.734894,18.712313
1,1,3.6213374,19.969666,75.851021,78.499672,20.547562
0,1,2.6849878,19.333576,71.668221,68.190994,17.610598
1,1,3.9396708,21.195969,84.259377,67.953995,24.970749
1,0,3.642581,17.574741,65.821037,52.370823,11.813
1,0,3.7992086,18.813995,86.801941,62.116756,16.641747
0,1,1.9063607,15.148685,89.883484,77.002052,24.379805
1,1,3.3984003,19.60322,77.133278,64.949409,15.322949
1,0,2.9803998,20.704103,91.92598,53.027187,21.603132
2,0,3.7893374,16.972591,85.311394,81.934387,24.382877
1,0,3.2567394,20.512575,72.291748,65.770981,17.280819
1,0,3.2782781,18.823565,80.360107,63.749313,18.707615
1,0,3.0788519,18.676291,84.933418,66.544792,23.555853
1,0,2.8722947,19.389048,97.543396,68.411858,10.64119
1,0,2.9460166,13.548761,82.652313,67.819801,22.074936
1,1,3.4326768,17.291351,71.204903,64.815414,29.528774
1,0,3.1663833,20.770103,99.316254,67.73381,25.2369
1,0,3.5609312,25.759373,89.971901,77.888313,25.612984
1,1,2.8551559,19.62187,82.743393,67.92186,29.756414
2,1,3.1290276,19.54705,89.692551,66.125137,28.615284
2,0,3.2461438,19.518877,95.933243,60.97958,24.11141
1,1,2.9975855,19.708515,72.165695,79.346939,19.926258
2,0,3.910202,20.678045,95.605972,57.494438,17.624054
1,0,3.5873375,20.735239,97.008179,68.400345,16.447447
1,0,4.0669241,23.087015,79.35228,76.935074,16.738665
1,1,3.8114262,19.768888,93.65715,69.23127,20.251326
0,1,3.1582167,20.918032,87.055153,66.14959,21.42934
2,1,4.1301198,20.328074,80.664169,75.190681,31.739754
1,0,3.5079842,18.766079,91.202408,59.709721,30.371269
0,0,3.0831394,15.179586,78.81591,63.532169,20.765459
0,1,2.2026103,18.788492,88.160378,74.38958,21.391188
1,0,4.0764613,23.161499,81.360573,73.148315,32.747581
1,0,2.3847084,16.642223,77.886726,47.036266,20.003445
1,0,3.4996517,21.723354,65.301994,58.658039,28.557272
1,1,3.0418081,17.247545,76.929405,61.90493,13.406157
1,0,3.1855576,19.104771,65.961876,80.129532,24.260788
1,0,4.1028295,20.066967,66.868164,65.126114,25.577017
2,0,4.2313375,20.7358,85.431442,76.351364,25.853432
1,0,3.6159456,19.290384,85.522461,50.728451,27.51265
1,0,3.6960254,17.840557,72.713936,65.037811,16.582687
2,1,3.4161894,19.477573,81.97892,73.496475,20.997427
2,0,3.1091971,16.520506,69.346779,74.273605,23.072186
1,0,3.5486124,17.577236,77.555428,62.93449,24.573694
1,1,3.6296546,20.022223,78.40683,71.357948,19.113182
0,0,2.6084185,17.584351,67.998024,75.973579,16.180052
1,0,3.3234999,18.187717,80.90197,43.91711,16.863031
1,0,4.0422282,20.651905,80.419365,67.9188,17.48645
1,0,3.9372332,20.641752,81.516907,82.294624,32.754547
1,1,3.0289638,16.830116,79.568581,55.746368,31.249855
1,0,3.655761,18.211887,74.674599,62.211178,17.591131
1,0,4.578814,22.651911,82.997833,79.439804,21.745543
2,1,3.0295441,14.46834,94.750587,73.151291,32.961025
2,0,4.2626534,19.294804,88.002525,68.678009,27.796257
2,0,3.8540316,16.749775,86.932236,74.983826,28.602552
1,0,2.2571046,14.481713,86.13929,57.747551,19.978201
1,0,3.5781298,18.214083,86.363266,71.18428,18.317022
1,1,3.7511096,15.616924,79.72477,66.419914,17.86548
1,1,2.8639901,18.769531,76.268303,62.696392,21.004641
1,1,3.6218131,18.459642,87.956917,78.694687,25.125042
1,1,3.4095111,14.146568,72.714661,66.36824,16.596672
1,1,3.1573219,20.738634,80.229042,68.644348,22.359243
0,0,2.40063,20.256315,82.265724,69.42643,13.482576
0,0,3.2859786,18.548605,87.843742,72.325096,20.043118
1,1,3.0100822,22.386499,94.332664,78.209435,23.033833
0,1,3.0894346,18.165472,71.386467,70.413834,24.056267
1,0,3.0021307,19.529043,74.993393,63.673267,21.320215
1,1,2.0041773,18.372971,75.823631,69.918983,23.120977
1,1,3.5718255,19.196569,75.117599,70.709038,17.876179
0,0,2.9210966,19.682749,78.657837,64.197701,16.143957
2,0,2.8088415,20.206738,72.647202,70.761368,21.377993
0,1,3.0847158,17.093681,81.245438,58.70422,22.948618
1,1,3.3772428,22.199699,86.489655,74.476242,22.536644
2,0,3.7354395,17.121244,70.535271,72.223984,25.173965
1,1,3.3454251,20.578905,90.595055,82.491867,29.050453
1,1,3.712759,19.775698,83.462845,76.697739,26.116146
0,0,3.4735084,20.323029,96.7593,68.298416,25.550125
1,0,3.6328168,19.540253,92.46714,64.526367,19.849258
1,0,3.0651062,21.536404,54.899746,66.615753,17.675356
1,0,4.1980486,15.97953,69.165176,62.786865,22.582533
1,0,3.5162754,19.843428,81.967102,83.947372,30.469269
1,0,2.5868609,17.443529,90.420319,71.925629,22.52948
1,0,3.7842913,21.052929,83.199768,74.307693,16.801029
1,0,3.6005335,20.523903,93.442413,61.996387,19.463173
0,0,3.3018258,18.121452,77.062309,80.034111,24.482328
1,0,3.9242132,22.920759,95.562538,81.920303,20.90966
0,1,2.8578479,17.718435,79.508751,63.18861,28.87957
1,1,3.473561,19.850073,69.841255,77.585838,20.400705
0,0,2.8199046,17.020884,67.584076,62.709518,19.651579
1,0,3.8001945,17.816917,71.93708,79.403786,24.9224
1,0,3.4530098,18.851427,76.79438,79.20459,31.143263
2,1,3.7648857,18.423765,88.094345,73.280907,23.000498
1,0,3.3858647,19.353285,98.881996,67.874199,23.25119
1,1,4.0850701,17.777407,75.027664,67.454933,19.094387
2,1,3.2128131,23.564159,99.976837,86.408028,35.83474
1,0,3.5844297,18.454056,77.683044,72.712822,23.795919
1,1,3.0177264,18.200453,88.268417,72.362106,27.301636
1,0,3.6428874,19.699465,84.355415,65.449547,23.330812
2,1,3.4997001,17.193636,89.641869,69.222809,22.580017
1,1,4.3756423,17.891394,80.171745,59.429729,18.309414
1,0,3.667398,18.69591,78.899757,57.701073,29.159012
1,0,3.7966759,18.652565,61.166142,62.807907,18.142872
1,0,3.5243938,23.726496,88.652122,98.271194,20.664679
1,0,3.7469831,19.731121,85.564873,58.443829,19.126822
1,0,3.6275616,17.789257,77.883911,69.081528,22.398241
2,0,3.0421183,17.029982,77.558556,65.557724,21.393166
1,1,3.3269482,18.966368,85.600616,59.198509,25.319304
1,1,2.6912379,18.444345,76.481544,85.964584,23.255131
1,1,3.6072176,20.314932,84.517578,62.695255,25.686434
0,1,2.8097475,20.534067,70.494865,78.449753,20.394449
1,1,3.2183149,20.028511,93.060387,68.48436,17.668112
1,0,4.5328307,21.330645,76.633369,65.271027,19.954243
1,0,3.6082058,13.483258,50.818249,65.327492,19.699472
0,0,2.8428402,21.434893,63.127167,73.916,16.402996
0,0,2.9760318,20.781322,72.502411,66.878784,14.002604
0,1,2.7511401,20.57914,93.711319,67.461487,23.475302
0,0,3.1510174,17.123766,87.884346,79.781509,25.511587
1,0,4.1277966,23.68331,87.129135,86.883888,16.65662
1,1,3.5150301,20.032015,77.678345,72.718498,19.302563
1,0,3.6104329,20.63818,81.471672,62.460365,26.068386
1,0,3.5788007,19.862041,100.46384,80.772774,18.608635
1,0,4.1416554,22.471769,74.92054,70.402687,26.344835
0,0,3.2995462,22.755272,70.886093,66.590103,27.012745
1,1,4.1657968,17.140064,93.279388,80.058815,28.772903
0,1,3.4894977,15.066251,75.797157,69.729782,29.282505
1,0,3.0963848,16.636614,99.042892,70.507584,32.307053
2,0,2.9817858,15.338705,77.086555,63.762012,25.540199
1,0,3.9906638,18.320023,101.18361,71.305313,23.32419
1,1,3.3029628,21.187414,61.61356,60.390217,15.96584
1,0,3.0144446,14.543933,75.827499,76.483955,26.274954
0,0,2.170068,14.86857,77.3181,68.451248,21.876789
1,0,4.0600061,20.36985,92.935959,61.5858,25.644796
1,0,3.1783056,15.677756,70.025871,71.82267,27.390953
1,1,2.991071,18.392138,68.275772,74.3302,31.635902
1,1,3.8257062,19.673393,83.709663,66.581322,24.355978
1,1,3.9526031,16.500864,75.024208,72.988289,17.986437
1,1,3.2765307,17.39999,77.553658,59.174339,24.368025
1,0,3.5029657,26.708565,92.697327,87.546448,21.898685
1,0,3.8379147,20.962059,85.579643,71.640694,20.945583
2,0,3.8840318,20.189699,82.346695,73.757324,25.88398
1,0,3.3169751,19.125011,96.678711,70.629799,28.276419
1,0,4.2741432,25.710129,90.5867,93.128502,16.225374
0,1,2.6490471,19.959974,86.411385,64.521255,20.489388
1,0,3.6427267,20.911993,73.036377,72.844055,29.03997
0,1,3.0632329,23.765919,81.968216,62.717976,13.5488
0,0,2.9603405,17.094986,80.534096,67.652336,29.242882
1,0,3.8184445,21.631065,78.718582,71.403824,23.753761
1,0,2.8155515,19.010361,76.947273,70.089828,30.786346
1,0,2.9809775,16.022034,77.310478,72.324677,20.972744
1,1,3.2929089,19.603516,93.291809,80.632492,24.796507
1,1,3.8222146,18.724232,88.44265,68.619156,25.359821
1,1,3.2260215,16.954237,74.521873,68.807655,21.895247
2,1,3.7006915,18.904289,73.25946,60.556469,19.720505
1,1,2.8369138,16.608768,87.792343,59.627041,25.226286
0,1,3.0836937,16.783028,73.245567,77.279266,27.517632
1,0,3.6575134,18.772417,101.7734,68.07605,21.966053
2,0,4.069613,19.935261,86.303795,69.789345,24.168827
0,0,2.7451229,16.343594,88.910912,69.362282,24.639023
2,1,3.6353779,20.402454,106.90224,67.829498,26.970129
1,1,3.7367706,14.017714,92.466911,53.375389,21.733902
1,0,3.0822356,20.53874,73.18042,56.339962,16.276865
1,1,2.8484025,19.171265,80.83387,54.585781,17.879396
1,0,3.3254864,16.260843,74.037735,62.646084,21.776337
1,0,3.85465,19.942389,85.628128,68.054184,27.346897
1,0,4.7196183,19.867224,84.898033,74.127396,30.717426
1,1,3.535728,22.426756,75.003609,75.254929,27.398159
1,0,3.2871215,21.608841,89.263229,77.722893,29.804821
1,1,4.4799623,26.041632,106.90826,97.641396,25.520069
1,0,3.0546012,21.097094,75.551445,67.260361,21.711517
1,1,3.4290869,21.145864,101.29172,76.077538,35.66851
1,1,2.7378855,19.203005,68.216919,77.870552,21.852844
2,0,4.3129368,22.946054,100.07992,84.216042,22.300522
1,1,4.4223747,17.683105,83.06852,66.9748,27.721294
1,1,3.6816952,25.221945,98.149666,81.620728,32.939739
2,0,3.7146404,22.795433,101.1209,79.580635,27.291138
1,1,2.6248391,15.418772,82.545975,55.089867,17.191978
1,1,2.5350401,13.103681,85.476822,64.002945,20.311001
1,0,3.3172469,20.496254,90.841545,77.68383,21.907515
1,0,3.1462786,19.102093,94.867706,61.292744,24.344587
1,1,3.6980264,19.813931,77.348808,86.486778,29.397999
0,0,2.6716647,20.768869,90.741753,73.640709,23.159094
1,1,2.9132235,21.041283,63.339233,69.58194,24.284119
2,0,3.534338,17.366104,83.444046,63.210148,21.653395
2,0,3.3120124,16.663105,79.817497,76.215019,23.279945
1,0,3.3011343,15.593919,91.053566,52.039074,16.780771
1,0,3.4195921,20.533381,95.779213,67.857651,20.652462
1,1,3.4875376,19.25411,80.065163,69.424965,26.668364
1,0,3.5520601,18.933708,85.792328,91.747406,27.838057
1,0,2.7123091,18.384125,68.952576,75.635849,25.126381
1,0,3.6793025,16.228994,80.352875,62.464146,28.866333
1,1,3.9341872,17.741333,89.768791,61.100407,21.180868
1,0,3.521343,18.831451,72.775558,66.183212,24.578844
1,0,3.7397614,21.462612,82.008186,65.868675,18.153351
1,0,2.383302,19.493511,78.342033,59.52581,16.209755
1,1,3.8132668,18.875803,98.456635,54.126949,19.240511
1,0,2.292079,19.945196,79.984833,62.222416,30.242691
2,0,3.4875259,19.963133,78.956291,76.991837,24.599863
1,1,3.2433212,15.74416,69.150429,45.074917,21.446012
1,1,3.2832937,16.638889,94.31617,77.118172,29.544794
2,0,3.8003409,17.865681,72.330711,61.731266,18.483173
1,0,2.7925966,16.088034,84.849403,59.957592,26.086477
1,0,3.5226789,19.33844,66.918297,72.158218,19.836054
2,0,2.5295947,12.249339,66.702332,39.877392,16.958473
1,0,3.8298852,17.949551,77.841461,58.076645,18.025984
1,0,3.687644,20.799372,85.277435,76.305374,19.144312
1,0,3.3145509,17.642784,89.043747,64.746681,25.887262
2,0,3.9318166,18.637236,91.295677,74.919807,24.944094
1,1,3.3170466,17.128975,53.264233,73.790482,18.59375
0,1,3.4807897,17.826931,79.884308,75.047615,26.440424
0,0,3.0396929,16.620831,63.583557,58.688702,26.126411
